0,核一E,核二E,  14.52,1, 2.00000E-4, 3.80000E-3,0,0,0,0,0,0,0,0,0,0,0,0
0,核一E,汐止E,  23.53,1, 4.00000E-4, 6.10000E-3,0,0,0,0,0,0,0,0,0,0,0,0
0,核一E,頂湖E,  41.91,1, 7.00000E-4, 1.09000E-2,0,0,0,0,0,0,0,0,0,0,0,0
0,核一E,頂湖E,  41.91,1, 7.00000E-4, 1.09000E-2,0,0,0,0,0,0,0,0,0,0,0,0
0,核二E,協和E,  10.77,1, 2.00000E-4, 2.80000E-3,0,0,0,0,0,0,0,0,0,0,0,0
0,核二E,汐止E,  18.60,1, 3.00000E-4, 4.90000E-3,0,0,0,0,0,0,0,0,0,0,0,0
0,核二E,汐止E,  13.86,1, 2.00000E-4, 3.60000E-3,0,0,0,0,0,0,0,0,0,0,0,0
0,龍門H,澳底H,   2.31,1, 3.00000E-4, 3.00000E-3,0,0,0,0,0,0,0,0,0,0,0,0
0,龍門H,坪林#A,  35.35,1, 7.40000E-3, 4.56000E-2,0,0,0,0,0,0,0,0,0,0,0,0
0,協和E,汐止E,  24.42,1, 4.00000E-4, 6.40000E-3,0,0,0,0,0,0,0,0,0,0,0,0
0,協和E,深美E,  24.01,1, 4.00000E-4, 6.30000E-3,0,0,0,0,0,0,0,0,0,0,0,0
0,協和E,深美E,  24.01,1, 4.00000E-4, 6.30000E-3,0,0,0,0,0,0,0,0,0,0,0,0
0,林口H,東林H,  15.64,1, 2.60000E-3, 1.82000E-2,0,0,0,0,0,0,0,0,0,0,0,0
0,林口H,東林H,  15.64,1, 2.60000E-3, 1.82000E-2,0,0,0,0,0,0,0,0,0,0,0,0
0,林口H,蘆竹H,   5.51,1, 5.00000E-4, 4.40000E-3,0,0,0,0,0,0,0,0,0,0,0,0
0,林口H,蘆竹H,   5.51,1, 5.00000E-4, 4.40000E-3,0,0,0,0,0,0,0,0,0,0,0,0
0,林口H,中壢H,  17.38,1, 3.30000E-3, 2.27000E-2,0,0,0,0,0,0,0,0,0,0,0,0
0,林口H,南崁H,   6.32,1, 1.00000E-3, 6.80000E-3,0,0,0,0,0,0,0,0,0,0,0,0
0,林口H,林口風,   0.22,1, 0.00000E+0, 2.00000E-4,0,0,0,0,0,0,0,0,0,0,0,0
0,大潭E,竹工E,  18.28,1, 3.00000E-4, 4.80000E-3,0,0,0,0,0,0,0,0,0,0,0,0
0,大潭E,竹工E,  18.28,1, 3.00000E-4, 4.80000E-3,0,0,0,0,0,0,0,0,0,0,0,0
0,石門H,瑞源#A,   1.51,1, 7.00000E-4, 2.80000E-3,0,0,0,0,0,0,0,0,0,0,0,0
0,石門H,石門#A,   0.02,1, 0.00000E+0, 1.00000E-4,0,0,0,0,0,0,0,0,0,0,0,0
0,中火北 E,中火南E,   0.00,1, 0.00000E+0, 1.00000E-6,0,0,0,0,0,0,0,0,0,0,0,0
0,中火北 E,中港E,  11.25,1, 2.00000E-4, 2.90000E-3,0,0,0,0,0,0,0,0,0,0,0,0
0,中火北 E,中港E,  11.25,1, 2.00000E-4, 2.90000E-3,0,0,0,0,0,0,0,0,0,0,0,0
0,中火北 E,B中火#9,   3.08,1, 1.00000E-4, 4.00000E-4,0,0,0,0,0,0,0,0,0,0,0,0
0,中火北 E,中科E,  16.72,1, 3.00000E-4, 4.50000E-3,0,0,0,0,0,0,0,0,0,0,0,0
0,中火北 E,后里E,  47.23,1, 9.00000E-4, 1.21000E-2,0,0,0,0,0,0,0,0,0,0,0,0
0,中火南E,彰濱E,  10.98,1, 2.00000E-4, 2.80000E-3,0,0,0,0,0,0,0,0,0,0,0,0
0,中火南E,全興E,   6.00,1, 1.00000E-4, 1.60000E-3,0,0,0,0,0,0,0,0,0,0,0,0
0,中火南E,全興E,   6.49,1, 1.00000E-4, 1.70000E-3,0,0,0,0,0,0,0,0,0,0,0,0
0,中火南E,中寮南E,  48.47,1, 8.00000E-4, 1.26000E-2,0,0,0,0,0,0,0,0,0,0,0,0
0,中火南E,B中火#10,   3.08,1, 1.00000E-4, 3.00000E-4,0,0,0,0,0,0,0,0,0,0,0,0
0,通霄甲H,通霄乙H,   0.00,1, 0.00000E+0, 1.00000E-6,0,0,0,0,0,0,0,0,0,0,0,0
0,通霄甲H,通霄#A,  25.17,1, 4.80000E-3, 3.29000E-2,0,0,0,0,0,0,0,0,0,0,0,0
0,通霄甲H,苗栗H,  20.68,1, 4.00000E-3, 2.68000E-2,0,0,0,0,0,0,0,0,0,0,0,0
0,通霄甲H,苗栗H,  20.69,1, 4.00000E-3, 2.68000E-2,0,0,0,0,0,0,0,0,0,0,0,0
0,通霄甲H,建順C,   2.90,1, 2.10000E-3, 2.60000E-3,0,0,0,0,0,0,0,0,0,0,0,0
0,通霄乙H,通霄#B,  25.17,1, 4.80000E-3, 3.29000E-2,0,0,0,0,0,0,0,0,0,0,0,0
0,通霄乙H,房裡H,  13.50,1, 1.70000E-3, 1.34000E-2,0,0,0,0,0,0,0,0,0,0,0,0
0,通霄乙H,銅中H,  27.44,1, 5.20000E-3, 3.50000E-2,0,0,0,0,0,0,0,0,0,0,0,0
0,大觀二E,中寮北E,  11.52,1, 3.00000E-4, 3.60000E-3,0,0,0,0,0,0,0,0,0,0,0,0
0,大觀二E,中寮北E,  11.52,1, 3.00000E-4, 3.60000E-3,0,0,0,0,0,0,0,0,0,0,0,0
0,大觀二E,中寮北E,  12.00,1, 2.00000E-4, 3.20000E-3,0,0,0,0,0,0,0,0,0,0,0,0
0,大觀二E,鳳林E,  71.71,1, 1.30000E-3, 1.97000E-2,0,0,0,0,0,0,0,0,0,0,0,0
0,明潭E,中寮南E,  12.57,1, 2.00000E-4, 3.30000E-3,0,0,0,0,0,0,0,0,0,0,0,0
0,明潭E,中寮南E,  12.57,1, 2.00000E-4, 3.30000E-3,0,0,0,0,0,0,0,0,0,0,0,0
0,明潭E,中寮南E,  12.94,1, 2.00000E-4, 3.40000E-3,0,0,0,0,0,0,0,0,0,0,0,0
0,明潭E,鳳林E,  72.80,1, 1.40000E-3, 2.01000E-2,0,0,0,0,0,0,0,0,0,0,0,0
0,天輪H,新天輪H,   0.53,1, 1.00000E-4, 4.00000E-4,0,0,0,0,0,0,0,0,0,0,0,0
0,天輪H,德基H,  58.65,1, 1.12000E-2, 7.66000E-2,0,0,0,0,0,0,0,0,0,0,0,0
0,天輪H,霧峰H,  27.16,1, 5.20000E-3, 3.52000E-2,0,0,0,0,0,0,0,0,0,0,0,0
0,天輪H,霧峰H,  27.09,1, 5.20000E-3, 3.52000E-2,0,0,0,0,0,0,0,0,0,0,0,0
0,天輪H,上城H,  12.68,1, 2.20000E-3, 1.65000E-2,0,0,0,0,0,0,0,0,0,0,0,0
0,天輪H,德基H,  58.38,1, 1.11000E-2, 7.62000E-2,0,0,0,0,0,0,0,0,0,0,0,0
0,天輪H,新谷關H,  27.37,1, 9.00000E-3, 4.92000E-2,0,0,0,0,0,0,0,0,0,0,0,0
0,天輪H,新谷關H,  27.37,1, 9.00000E-3, 4.92000E-2,0,0,0,0,0,0,0,0,0,0,0,0
0,天輪H,新社#A,  11.95,1, 2.30000E-3, 1.56000E-2,0,0,0,0,0,0,0,0,0,0,0,0
0,鉅工H,大觀一H,   4.67,1, 2.50000E-3, 9.20000E-3,0,0,0,0,0,0,0,0,0,0,0,0
0,鉅工H,大觀一H,   4.67,1, 2.50000E-3, 9.20000E-3,0,0,0,0,0,0,0,0,0,0,0,0
0,鉅工H,萬大H,  35.64,1, 1.62000E-2, 6.76000E-2,0,0,0,0,0,0,0,0,0,0,0,0
0,鉅工H,霧峰H,  37.12,1, 7.20000E-3, 4.90000E-2,0,0,0,0,0,0,0,0,0,0,0,0
0,鉅工H,霧峰H,  37.13,1, 7.20000E-3, 4.90000E-2,0,0,0,0,0,0,0,0,0,0,0,0
0,鉅工H,埔里H,  23.22,1, 1.09000E-2, 4.32000E-2,0,0,0,0,0,0,0,0,0,0,0,0
0,鉅工H,斗工H,  34.43,1, 6.20000E-3, 4.43000E-2,0,0,0,0,0,0,0,0,0,0,0,0
0,鉅工H,斗工H,  34.43,1, 6.20000E-3, 4.42000E-2,0,0,0,0,0,0,0,0,0,0,0,0
0,萬大H,松林H,   5.53,1, 2.40000E-3, 9.90000E-3,0,0,0,0,0,0,0,0,0,0,0,0
0,卓蘭H,通霄#A,   8.03,1, 1.80000E-3, 1.05000E-2,0,0,0,0,0,0,0,0,0,0,0,0
0,卓蘭H,通霄#B,   8.03,1, 1.80000E-3, 1.05000E-2,0,0,0,0,0,0,0,0,0,0,0,0
0,卓蘭H,卓蘭#A,  22.08,1, 3.70000E-3, 2.80000E-2,0,0,0,0,0,0,0,0,0,0,0,0
0,卓蘭H,卓蘭#B,  22.08,1, 3.70000E-3, 2.80000E-2,0,0,0,0,0,0,0,0,0,0,0,0
0,馬鞍H,上城H,   9.07,1, 1.40000E-3, 1.18000E-2,0,0,0,0,0,0,0,0,0,0,0,0
0,馬鞍H,新社#B,   4.08,1, 7.00000E-4, 5.30000E-3,0,0,0,0,0,0,0,0,0,0,0,0
0,核三E,大鵬E,  57.18,1, 9.00000E-4, 1.51000E-2,0,0,0,0,0,0,0,0,0,0,0,0
0,核三E,大鵬E,  57.18,1, 9.00000E-4, 1.51000E-2,0,0,0,0,0,0,0,0,0,0,0,0
0,核三E,大鵬E,  59.51,1, 8.00000E-4, 1.61000E-2,0,0,0,0,0,0,0,0,0,0,0,0
0,核三E,瀰力E, 107.43,1, 1.80000E-3, 2.78000E-2,0,0,0,0,0,0,0,0,0,0,0,0
0,核三H,楓港H,  31.53,1, 1.20000E-2, 5.87000E-2,0,0,0,0,0,0,0,0,0,0,0,0
0,核三H,墾丁H,   1.83,1, 6.00000E-4, 2.90000E-3,0,0,0,0,0,0,0,0,0,0,0,0
0,興達北E,興達南E,   0.00,1, 0.00000E+0, 1.00000E-6,0,0,0,0,0,0,0,0,0,0,0,0
0,興達北E,龍崎北E,  26.74,1, 4.00000E-4, 6.90000E-3,0,0,0,0,0,0,0,0,0,0,0,0
0,興達北E,路北E,   5.40,1, 1.00000E-4, 1.40000E-3,0,0,0,0,0,0,0,0,0,0,0,0
0,興達北E,興益E,   0.00,1, 0.00000E+0, 1.10000E-4,0,0,0,0,0,0,0,0,0,0,0,0
0,興達南E,龍崎南E,  26.79,1, 4.00000E-4, 6.90000E-3,0,0,0,0,0,0,0,0,0,0,0,0
0,興達南E,路北E,   5.38,1, 1.00000E-4, 1.40000E-3,0,0,0,0,0,0,0,0,0,0,0,0
0,大林甲H,大林乙H,   0.00,1, 0.00000E+0, 1.00000E-6,0,0,0,0,0,0,0,0,0,0,0,0
0,大林甲H,大林丙H,   0.00,1, 0.00000E+0, 1.00000E-6,0,0,0,0,0,0,0,0,0,0,0,0
0,大林甲H,高港甲H,  11.52,1, 2.40000E-3, 1.59000E-2,0,0,0,0,0,0,0,0,0,0,0,0
0,大林甲H,高港甲H,  11.52,1, 2.40000E-3, 1.59000E-2,0,0,0,0,0,0,0,0,0,0,0,0
0,大林甲H,南工甲H,   6.06,1, 1.20000E-3, 7.90000E-3,0,0,0,0,0,0,0,0,0,0,0,0
0,大林乙H,南工乙H,   6.87,1, 1.30000E-3, 8.90000E-3,0,0,0,0,0,0,0,0,0,0,0,0
0,大林乙H,南工乙H,   6.87,1, 1.30000E-3, 8.90000E-3,0,0,0,0,0,0,0,0,0,0,0,0
0,大林乙H,南工乙H,   6.79,1, 1.30000E-3, 8.80000E-3,0,0,0,0,0,0,0,0,0,0,0,0
0,大林丙H,林園H,   9.30,1, 4.00000E-4, 3.20000E-3,0,0,0,0,0,0,0,0,0,0,0,0
0,大林丙H,林園H,   9.30,1, 4.00000E-4, 3.20000E-3,0,0,0,0,0,0,0,0,0,0,0,0
0,大林丙H,油高C,   1.90,1, 6.00000E-4, 1.60000E-3,0,0,0,0,0,0,0,0,0,0,0,0
0,大林丙H,油高C,   1.90,1, 6.00000E-4, 1.60000E-3,0,0,0,0,0,0,0,0,0,0,0,0
0,南火北H,南火南H,   0.00,1, 0.00000E+0, 1.00000E-6,0,0,0,0,0,0,0,0,0,0,0,0
0,南火北H,五甲H,   7.48,1, 6.00000E-4, 5.70000E-3,0,0,0,0,0,0,0,0,0,0,0,0
0,南火北H,四維H,   6.41,1, 5.00000E-4, 5.00000E-3,0,0,0,0,0,0,0,0,0,0,0,0
0,南火北H,臨海H,   5.20,1, 4.00000E-4, 4.10000E-3,0,0,0,0,0,0,0,0,0,0,0,0
0,南火北H,五甲H,   4.97,1, 3.00000E-4, 3.60000E-3,0,0,0,0,0,0,0,0,0,0,0,0
0,南火南H,鎮北H,   0.20,1, 0.00000E+0, 1.00000E-4,0,0,0,0,0,0,0,0,0,0,0,0
0,南火南H,鎮北H,   0.19,1, 0.00000E+0, 1.00000E-4,0,0,0,0,0,0,0,0,0,0,0,0
0,南火南H,鎮北H,   0.18,1, 0.00000E+0, 1.00000E-4,0,0,0,0,0,0,0,0,0,0,0,0
0,龍澗L,花蓮L,   0.00,1, 3.11000E-2, 1.70300E-1,0,0,0,0,0,0,0,0,0,0,0,0
0,銅門乙,萬大L,   0.00,1, 1.87000E-1, 4.57000E-1,0,0,0,0,0,0,0,0,0,0,0,0
0,銅門乙,花蓮L,   0.00,1, 6.30000E-2, 1.16000E-1,0,0,0,0,0,0,0,0,0,0,0,0
0,銅門甲,萬大L,   0.00,1, 1.91000E-1, 4.55000E-1,0,0,0,0,0,0,0,0,0,0,0,0
0,銅門甲,花蓮L,   0.00,1, 6.30000E-2, 1.16000E-1,0,0,0,0,0,0,0,0,0,0,0,0
0,冬山E,深美E,  49.81,1, 8.00000E-4, 1.29000E-2,0,0,0,0,0,0,0,0,0,0,0,0
0,冬山E,深美E,  49.81,1, 8.00000E-4, 1.29000E-2,0,0,0,0,0,0,0,0,0,0,0,0
0,冬山E,和平E,  52.87,1, 7.99999E-4, 1.44000E-2,0,0,0,0,0,0,0,0,0,0,0,0
0,冬山E,和平E,  52.87,1, 9.00000E-4, 1.43000E-2,0,0,0,0,0,0,0,0,0,0,0,0
0,冬山H,和仁H,  50.82,1, 7.40000E-3, 6.62000E-2,0,0,0,0,0,0,0,0,0,0,0,0
0,冬山H,冬山#A,   5.04,1, 5.00000E-4, 4.50000E-3,0,0,0,0,0,0,0,0,0,0,0,0
0,冬山H,冬山#B,   5.04,1, 5.00000E-4, 4.50000E-3,0,0,0,0,0,0,0,0,0,0,0,0
0,冬山H,羅東H,   6.93,1, 1.00000E-3, 9.00000E-3,0,0,0,0,0,0,0,0,0,0,0,0
0,冬山H,羅東H,   6.93,1, 1.00000E-3, 9.00000E-3,0,0,0,0,0,0,0,0,0,0,0,0
0,冬山H,碧海H,  58.91,1, 8.60000E-3, 7.67000E-2,0,0,0,0,0,0,0,0,0,0,0,0
0,汐止E,板橋E,  29.93,1, 5.00000E-4, 7.80000E-3,0,0,0,0,0,0,0,0,0,0,0,0
0,汐止E,板橋E,  29.93,1, 5.00000E-4, 7.80000E-3,0,0,0,0,0,0,0,0,0,0,0,0
0,汐止H,南港H,   3.19,1, 4.00000E-4, 4.10000E-3,0,0,0,0,0,0,0,0,0,0,0,0
0,汐止H,南港H,   3.19,1, 4.00000E-4, 4.10000E-3,0,0,0,0,0,0,0,0,0,0,0,0
0,汐止H,南港H,   2.89,1, 3.00000E-4, 2.30000E-3,0,0,0,0,0,0,0,0,0,0,0,0
0,汐止H,南港H,   2.92,1, 3.00000E-4, 2.30000E-3,0,0,0,0,0,0,0,0,0,0,0,0
0,汐止H,八堵H,  10.85,1, 1.80000E-3, 1.41000E-2,0,0,0,0,0,0,0,0,0,0,0,0
0,汐止H,八堵H,  10.85,1, 1.80000E-3, 1.41000E-2,0,0,0,0,0,0,0,0,0,0,0,0
0,汐止H,民權H,   6.36,1, 7.00000E-4, 4.40000E-3,0,0,0,0,0,0,0,0,0,0,0,0
0,汐止H,民權H,   6.37,1, 7.00000E-4, 4.40000E-3,0,0,0,0,0,0,0,0,0,0,0,0
0,汐止H,蘭雅#A,   9.14,1, 2.10000E-3, 1.20000E-2,0,0,0,0,0,0,0,0,0,0,0,0
0,汐止H,陽明#A,   9.14,1, 2.10000E-3, 1.20000E-2,0,0,0,0,0,0,0,0,0,0,0,0
0,松山H,週美H,   2.14,1, 2.00000E-4, 1.40000E-3,0,0,0,0,0,0,0,0,0,0,0,0
0,松山H,週美H,   2.14,1, 3.00000E-4, 1.40000E-3,0,0,0,0,0,0,0,0,0,0,0,0
0,松山H,民生H,   1.52,1, 1.00000E-4, 1.20000E-3,0,0,0,0,0,0,0,0,0,0,0,0
0,松山H,榮星#A,   1.52,1, 1.00000E-4, 1.20000E-3,0,0,0,0,0,0,0,0,0,0,0,0
0,松山H,敦化H,   2.58,1, 2.00000E-4, 1.90000E-3,0,0,0,0,0,0,0,0,0,0,0,0
0,松山H,西湖#A,   1.99,1, 2.00000E-4, 1.20000E-3,0,0,0,0,0,0,0,0,0,0,0,0
0,松山H,西湖#B,   1.99,1, 2.00000E-4, 1.20000E-3,0,0,0,0,0,0,0,0,0,0,0,0
0,松山H,中崙H,   2.40,1, 1.00000E-4, 8.00000E-4,0,0,0,0,0,0,0,0,0,0,0,0
0,大安H,常德#A,   4.10,1, 3.00000E-4, 2.20000E-3,0,0,0,0,0,0,0,0,0,0,0,0
0,大安H,華陰#A,   3.40,1, 2.00000E-4, 2.80000E-3,0,0,0,0,0,0,0,0,0,0,0,0
0,大安H,世貿H1,   3.13,1, 2.00000E-4, 2.60000E-3,0,0,0,0,0,0,0,0,0,0,0,0
0,大安H,世貿H2,   3.16,1, 3.00000E-4, 1.80000E-3,0,0,0,0,0,0,0,0,0,0,0,0
0,大安H,復捷C,   0.18,1, 0.00000E+0, 2.00000E-4,0,0,0,0,0,0,0,0,0,0,0,0
0,大安H,復捷C,   0.18,1, 0.00000E+0, 2.00000E-4,0,0,0,0,0,0,0,0,0,0,0,0
0,大安H,三張#A,   0.00,1, 0.00000E+0, 1.00000E-6,0,0,0,0,0,0,0,0,0,0,0,0
0,深美E,板橋E,  21.70,1, 4.00000E-4, 5.70000E-3,0,0,0,0,0,0,0,0,0,0,0,0
0,深美E,板橋E,  21.70,1, 4.00000E-4, 5.70000E-3,0,0,0,0,0,0,0,0,0,0,0,0
0,深美E,龍門E,  31.95,1, 5.00000E-4, 8.40000E-3,0,0,0,0,0,0,0,0,0,0,0,0
0,深美E,龍門E,  31.95,1, 5.00000E-4, 8.40000E-3,0,0,0,0,0,0,0,0,0,0,0,0
0,深美H,虎林#A,   6.44,1, 5.00000E-4, 7.70000E-3,0,0,0,0,0,0,0,0,0,0,0,0
0,深美H,虎林#B,   6.44,1, 5.00000E-4, 7.70000E-3,0,0,0,0,0,0,0,0,0,0,0,0
0,深美H,木捷C,   4.59,1, 7.00000E-4, 5.90000E-3,0,0,0,0,0,0,0,0,0,0,0,0
0,深美H,木捷C,   4.59,1, 7.00000E-4, 5.90000E-3,0,0,0,0,0,0,0,0,0,0,0,0
0,深美H,義捷#A,   3.99,1, 7.00000E-4, 5.10000E-3,0,0,0,0,0,0,0,0,0,0,0,0
0,深美H,建國#A,   7.14,1, 1.20000E-3, 9.20000E-3,0,0,0,0,0,0,0,0,0,0,0,0
0,深美H,台北H,   9.80,1, 1.50000E-3, 1.09000E-2,0,0,0,0,0,0,0,0,0,0,0,0
0,深美H,臥龍#A,   7.14,1, 1.20000E-3, 9.20000E-3,0,0,0,0,0,0,0,0,0,0,0,0
0,板橋E,龍潭北E,  39.35,1, 1.20000E-3, 1.22000E-2,0,0,0,0,0,0,0,0,0,0,0,0
0,板橋E,龍潭北E,  39.31,1, 1.20000E-3, 1.22000E-2,0,0,0,0,0,0,0,0,0,0,0,0
0,板橋H,青年H,   6.55,1, 7.00000E-4, 6.30000E-3,0,0,0,0,0,0,0,0,0,0,0,0
0,板橋H,南海H,   8.32,1, 1.00000E-3, 7.90000E-3,0,0,0,0,0,0,0,0,0,0,0,0
0,板橋H,頂埔H,   7.59,1, 1.50000E-3, 9.10000E-3,0,0,0,0,0,0,0,0,0,0,0,0
0,板橋H,頂埔H,   7.59,1, 1.50000E-3, 9.10000E-3,0,0,0,0,0,0,0,0,0,0,0,0
0,板橋H,信南H1,   4.36,1, 9.00000E-4, 5.20000E-3,0,0,0,0,0,0,0,0,0,0,0,0
0,板橋H,信南H1,   4.39,1, 1.50000E-3, 5.30000E-3,0,0,0,0,0,0,0,0,0,0,0,0
0,板橋H,景星H,   3.20,1, 1.00000E-4, 2.40000E-3,0,0,0,0,0,0,0,0,0,0,0,0
0,板橋H,景星H,   3.11,1, 2.00000E-4, 2.50000E-3,0,0,0,0,0,0,0,0,0,0,0,0
0,板橋H,社后H,   6.64,1, 3.00000E-4, 5.20000E-3,0,0,0,0,0,0,0,0,0,0,0,0
0,板橋H,介壽H,  13.34,1, 3.10000E-3, 1.74000E-2,0,0,0,0,0,0,0,0,0,0,0,0
0,板橋H,介壽H,  13.34,1, 3.10000E-3, 1.74000E-2,0,0,0,0,0,0,0,0,0,0,0,0
0,板橋H,城中#A,  10.62,1, 1.80000E-3, 1.20000E-2,0,0,0,0,0,0,0,0,0,0,0,0
0,板橋H,城中#B,  10.62,1, 1.80000E-3, 1.18000E-2,0,0,0,0,0,0,0,0,0,0,0,0
0,頂湖E,龍潭南E,  35.83,1, 6.00000E-4, 9.40000E-3,0,0,0,0,0,0,0,0,0,0,0,0
0,頂湖E,龍潭南E,  35.82,1, 6.00000E-4, 9.30000E-3,0,0,0,0,0,0,0,0,0,0,0,0
0,頂湖E,國光E,   4.51,1, 2.00000E-4, 1.50000E-3,0,0,0,0,0,0,0,0,0,0,0,0
0,頂湖E,國光E,   4.51,1, 2.00000E-4, 1.40000E-3,0,0,0,0,0,0,0,0,0,0,0,0
0,頂湖E,仙渡E,  20.31,1, 3.00000E-4, 5.10000E-3,0,0,0,0,0,0,0,0,0,0,0,0
0,頂湖E,仙渡E,  20.31,1, 3.00000E-4, 5.10000E-3,0,0,0,0,0,0,0,0,0,0,0,0
0,頂湖東H,坪頂H,   2.00,1, 7.00000E-4, 9.00000E-4,0,0,0,0,0,0,0,0,0,0,0,0
0,頂湖東H,坪頂H,   2.00,1, 1.00000E-4, 7.00000E-4,0,0,0,0,0,0,0,0,0,0,0,0
0,頂湖東H,南崁H,  13.01,1, 1.00000E-3, 8.10000E-3,0,0,0,0,0,0,0,0,0,0,0,0
0,頂湖東H,南崁H,  13.01,1, 9.00000E-4, 8.20000E-3,0,0,0,0,0,0,0,0,0,0,0,0
0,頂湖東H,青溪H#1,   7.03,1, 1.00000E-3, 7.80000E-3,0,0,0,0,0,0,0,0,0,0,0,0
0,頂湖東H,青溪H#2,   7.03,1, 1.00000E-3, 7.80000E-3,0,0,0,0,0,0,0,0,0,0,0,0
0,頂湖東H,泰山#A,   4.78,1, 7.00000E-4, 6.20000E-3,0,0,0,0,0,0,0,0,0,0,0,0
0,頂湖東H,泰山#B,   4.78,1, 7.00000E-4, 6.20000E-3,0,0,0,0,0,0,0,0,0,0,0,0
0,頂湖西H,樹德H,   8.83,1, 1.40000E-3, 1.06000E-2,0,0,0,0,0,0,0,0,0,0,0,0
0,頂湖西H,樹德H,   8.82,1, 1.30000E-3, 1.06000E-2,0,0,0,0,0,0,0,0,0,0,0,0
0,頂湖西H,樹德H,   8.82,1, 1.30000E-3, 1.06000E-2,0,0,0,0,0,0,0,0,0,0,0,0
0,頂湖西H,迴龍H,  10.28,1, 1.60000E-3, 1.25000E-2,0,0,0,0,0,0,0,0,0,0,0,0
0,頂湖西H,樂善H,   1.34,1, 3.00000E-4, 1.20000E-3,0,0,0,0,0,0,0,0,0,0,0,0
0,頂湖西H,樂善H2,   1.40,1, 2.00000E-4, 1.20000E-3,0,0,0,0,0,0,0,0,0,0,0,0
0,頂湖西H,興珍#A,   7.59,1, 1.10000E-3, 9.80000E-3,0,0,0,0,0,0,0,0,0,0,0,0
0,頂湖西H,興珍#B,   7.59,1, 1.10000E-3, 9.80000E-3,0,0,0,0,0,0,0,0,0,0,0,0
0,大潭甲H,大潭乙,   0.00,1, 0.00000E+0, 1.00000E-6,0,0,0,0,0,0,0,0,0,0,0,0
0,大潭甲H,保生H,   1.55,1, 1.00000E-4, 6.00000E-4,0,0,0,0,0,0,0,0,0,0,0,0
0,大潭甲H,保生H,   1.55,1, 1.00000E-4, 6.00000E-4,0,0,0,0,0,0,0,0,0,0,0,0
0,大潭甲H,楊梅#A,  16.07,1, 1.20000E-3, 1.03000E-2,0,0,0,0,0,0,0,0,0,0,0,0
0,大潭乙,大潭丙,   0.00,1, 0.00000E+0, 1.00000E-6,0,0,0,0,0,0,0,0,0,0,0,0
0,大潭乙,觀音#1,  11.75,1, 5.00000E-4, 4.80000E-3,0,0,0,0,0,0,0,0,0,0,0,0
0,大潭乙,觀音#1,  11.62,1, 5.00000E-4, 4.70000E-3,0,0,0,0,0,0,0,0,0,0,0,0
0,大潭乙,宋屋H,  22.00,1, 1.00000E-3, 8.50000E-3,0,0,0,0,0,0,0,0,0,0,0,0
0,大潭乙,大潭風,   0.33,1, 0.00000E+0, 3.00000E-4,0,0,0,0,0,0,0,0,0,0,0,0
0,大潭丙,塘尾H,   4.10,1, 2.00000E-4, 1.30000E-3,0,0,0,0,0,0,0,0,0,0,0,0
0,大潭丙,塘尾H,   4.10,1, 2.00000E-4, 1.30000E-3,0,0,0,0,0,0,0,0,0,0,0,0
0,龍潭北E,天輪E,  88.77,1, 2.60000E-3, 2.75000E-2,0,0,0,0,0,0,0,0,0,0,0,0
0,龍潭北E,天輪E,  88.71,1, 2.60000E-3, 2.75000E-2,0,0,0,0,0,0,0,0,0,0,0,0
0,龍潭北E,龍潭南E,   0.36,1, 0.00000E+0, 1.00000E-6,0,0,0,0,0,0,0,0,0,0,0,0
0,龍潭北E,龍門E,  85.08,1, 1.40000E-3, 2.27000E-2,0,0,0,0,0,0,0,0,0,0,0,0
0,龍潭北E,霧娑#A, 104.64,1, 1.70000E-3, 2.71000E-2,0,0,0,0,0,0,0,0,0,0,0,0
0,龍潭北H,松樹H,  16.65,1, 1.00000E-4, 8.00000E-4,0,0,0,0,0,0,0,0,0,0,0,0
0,龍潭北H,松樹H,  16.65,1, 1.00000E-4, 8.00000E-4,0,0,0,0,0,0,0,0,0,0,0,0
0,龍潭北H,高揚H,   3.48,1, 4.00000E-4, 3.00000E-3,0,0,0,0,0,0,0,0,0,0,0,0
0,龍潭北H,龍顯H,   4.22,1, 6.00000E-4, 5.10000E-3,0,0,0,0,0,0,0,0,0,0,0,0
0,龍潭北H,龍顯H,   4.22,1, 6.00000E-4, 4.80000E-3,0,0,0,0,0,0,0,0,0,0,0,0
0,龍潭北H,瑞源#B,   6.67,1, 6.00000E-4, 4.40000E-3,0,0,0,0,0,0,0,0,0,0,0,0
0,龍潭北H,六福C,   0.58,1, 1.00000E-4, 8.00000E-4,0,0,0,0,0,0,0,0,0,0,0,0
0,龍潭北H,龍潭北1,   0.00,1, 0.00000E+0, 1.00000E-2,0,0,0,0,0,0,0,0,0,0,0,0
0,龍潭北H,龍潭北2,   0.00,1, 0.00000E+0, 1.00000E-2,0,0,0,0,0,0,0,0,0,0,0,0
0,龍潭北H,龍潭北3,   0.00,1, 0.00000E+0, 1.00000E-2,0,0,0,0,0,0,0,0,0,0,0,0
0,龍潭北H,龍潭北4,   0.00,1, 0.00000E+0, 1.00000E-2,0,0,0,0,0,0,0,0,0,0,0,0
0,龍潭北H,聖亭H,   8.61,1, 1.20000E-3, 1.07000E-2,0,0,0,0,0,0,0,0,0,0,0,0
0,龍潭北H,聖亭H,   8.61,1, 1.20000E-3, 1.07000E-2,0,0,0,0,0,0,0,0,0,0,0,0
0,龍潭北H,龍潭南H,   0.00,1, 0.00000E+0, 1.00000E-6,0,0,0,0,0,0,0,0,0,0,0,0
0,龍潭南E,峨眉E,  29.79,1, 5.00000E-4, 7.80000E-3,0,0,0,0,0,0,0,0,0,0,0,0
0,龍潭南E,峨眉E,  28.94,1, 5.00000E-4, 7.60000E-3,0,0,0,0,0,0,0,0,0,0,0,0
0,龍潭南E,峨眉E,  28.94,1, 4.00000E-4, 7.60000E-3,0,0,0,0,0,0,0,0,0,0,0,0
0,龍潭南E,龍門E,  85.20,1, 1.40000E-3, 2.26000E-2,0,0,0,0,0,0,0,0,0,0,0,0
0,龍潭南E,竹工E,  10.16,1, 2.00000E-4, 2.60000E-3,0,0,0,0,0,0,0,0,0,0,0,0
0,龍潭南E,竹工E,  10.16,1, 2.00000E-4, 2.60000E-3,0,0,0,0,0,0,0,0,0,0,0,0
0,龍潭南H,梅湖H,  13.52,1, 2.00000E-3, 1.76000E-2,0,0,0,0,0,0,0,0,0,0,0,0
0,龍潭南H,梅湖H,  13.52,1, 2.00000E-3, 1.76000E-2,0,0,0,0,0,0,0,0,0,0,0,0
0,龍潭南H,新工#A,  10.86,1, 2.60000E-3, 1.43000E-2,0,0,0,0,0,0,0,0,0,0,0,0
0,龍潭南H,新工#B,  10.86,1, 2.60000E-3, 1.43000E-2,0,0,0,0,0,0,0,0,0,0,0,0
0,龍潭南H,梅湖#A,  11.52,1, 2.20000E-3, 1.50000E-2,0,0,0,0,0,0,0,0,0,0,0,0
0,龍潭南H,梅湖#A,  11.52,1, 2.20000E-3, 1.50000E-2,0,0,0,0,0,0,0,0,0,0,0,0
0,龍潭南H,新桃IPP,   0.66,1, 0.00000E+0, 2.00000E-4,0,0,0,0,0,0,0,0,0,0,0,0
0,龍潭南H,新桃IPP,   0.63,1, 0.00000E+0, 2.00000E-4,0,0,0,0,0,0,0,0,0,0,0,0
0,龍潭南H,龍潭南5,   0.00,1, 0.00000E+0, 1.00000E-2,0,0,0,0,0,0,0,0,0,0,0,0
0,龍潭南H,龍潭南6,   0.00,1, 0.00000E+0, 1.00000E-2,0,0,0,0,0,0,0,0,0,0,0,0
0,峨眉E,后里E,  55.05,1, 1.00000E-3, 1.44000E-2,0,0,0,0,0,0,0,0,0,0,0,0
0,峨眉E,后里E,  55.05,1, 7.00000E-4, 1.43000E-2,0,0,0,0,0,0,0,0,0,0,0,0
0,峨眉E,霧娑#B,  80.38,1, 1.30000E-3, 2.08000E-2,0,0,0,0,0,0,0,0,0,0,0,0
0,峨眉H,南湖H,   5.25,1, 8.00000E-4, 7.00000E-3,0,0,0,0,0,0,0,0,0,0,0,0
0,峨眉H,南湖H,   5.25,1, 7.00000E-4, 6.90000E-3,0,0,0,0,0,0,0,0,0,0,0,0
0,峨眉H,龍梅H,  11.25,1, 1.70000E-3, 1.42000E-2,0,0,0,0,0,0,0,0,0,0,0,0
0,峨眉H,龍山H,  10.86,1, 1.50000E-3, 1.31000E-2,0,0,0,0,0,0,0,0,0,0,0,0
0,峨眉H,龍松H,  10.56,1, 1.40000E-3, 1.29000E-2,0,0,0,0,0,0,0,0,0,0,0,0
0,峨眉H,龍松H,  10.56,1, 1.40000E-3, 1.29000E-2,0,0,0,0,0,0,0,0,0,0,0,0
0,峨眉H,頂園H,   8.95,1, 1.20000E-3, 9.80000E-3,0,0,0,0,0,0,0,0,0,0,0,0
0,峨眉H,頂園H,   8.95,1, 1.20000E-3, 9.80000E-3,0,0,0,0,0,0,0,0,0,0,0,0
0,峨眉H,通霄#A,  33.63,1, 7.80000E-3, 4.44000E-2,0,0,0,0,0,0,0,0,0,0,0,0
0,峨眉H,通霄#B,  33.63,1, 7.80000E-3, 4.44000E-2,0,0,0,0,0,0,0,0,0,0,0,0
0,峨眉H,峨眉2,   0.00,1, 0.00000E+0, 1.00000E-2,0,0,0,0,0,0,0,0,0,0,0,0
0,峨眉H,峨眉3,   0.00,1, 0.00000E+0, 1.00000E-2,0,0,0,0,0,0,0,0,0,0,0,0
0,峨眉H,峨眉4,   0.00,1, 0.00000E+0, 1.00000E-2,0,0,0,0,0,0,0,0,0,0,0,0
0,天輪E,龍崎南E, 167.77,1, 4.90000E-3, 5.19000E-2,0,0,0,0,0,0,0,0,0,0,0,0
0,天輪E,龍崎南E, 167.67,1, 4.90000E-3, 5.17000E-2,0,0,0,0,0,0,0,0,0,0,0,0
0,中港E,霧娑#C,  32.98,1, 6.00000E-4, 8.50000E-3,0,0,0,0,0,0,0,0,0,0,0,0
0,中港E,霧娑#D,  32.98,1, 6.00000E-4, 8.50000E-3,0,0,0,0,0,0,0,0,0,0,0,0
0,中港E,中科E,   5.75,1, 1.00000E-4, 1.40000E-3,0,0,0,0,0,0,0,0,0,0,0,0
0,中港E,中科E,   5.75,1, 1.00000E-4, 1.40000E-3,0,0,0,0,0,0,0,0,0,0,0,0
0,中港H,全興H,  12.70,1, 2.20000E-3, 1.62000E-2,0,0,0,0,0,0,0,0,0,0,0,0
0,中港H,全興H,  12.70,1, 2.20000E-3, 1.62000E-2,0,0,0,0,0,0,0,0,0,0,0,0
0,中港H,中清H,  14.27,1, 2.10000E-3, 1.86000E-2,0,0,0,0,0,0,0,0,0,0,0,0
0,中港H,工乙H,   3.60,1, 1.00000E-4, 1.30000E-3,0,0,0,0,0,0,0,0,0,0,0,0
0,中港H,工乙H,   3.60,1, 1.00000E-4, 1.10000E-3,0,0,0,0,0,0,0,0,0,0,0,0
0,中港H,明秀H,   4.90,1, 5.00000E-4, 4.80000E-3,0,0,0,0,0,0,0,0,0,0,0,0
0,中港H,中科H1,   6.57,1, 2.00000E-4, 2.30000E-3,0,0,0,0,0,0,0,0,0,0,0,0
0,中港H,中科H1,   6.57,1, 2.00000E-4, 2.50000E-3,0,0,0,0,0,0,0,0,0,0,0,0
0,中港H,中港#A,   0.00,1, 0.00000E+0, 1.00000E-6,0,0,0,0,0,0,0,0,0,0,0,0
0,中港H,中港#B,   0.00,1, 0.00000E+0, 1.00000E-6,0,0,0,0,0,0,0,0,0,0,0,0
0,中港H,中沙H,   8.11,1, 1.40000E-3, 9.80000E-3,0,0,0,0,0,0,0,0,0,0,0,0
0,中港H,中沙H,   8.11,1, 1.40000E-3, 9.80000E-3,0,0,0,0,0,0,0,0,0,0,0,0
0,中港H,機科H,   6.78,1, 5.00000E-4, 2.80000E-3,0,0,0,0,0,0,0,0,0,0,0,0
0,中港H,機科H,   6.78,1, 5.00000E-4, 2.80000E-3,0,0,0,0,0,0,0,0,0,0,0,0
0,霧峰H,塗城H,   5.52,1, 7.00000E-4, 5.30000E-3,0,0,0,0,0,0,0,0,0,0,0,0
0,霧峰H,塗城H,   5.09,1, 6.00000E-4, 4.80000E-3,0,0,0,0,0,0,0,0,0,0,0,0
0,霧峰H,德義H,   8.30,1, 9.00000E-4, 6.80000E-3,0,0,0,0,0,0,0,0,0,0,0,0
0,霧峰H,德義H,   8.30,1, 9.00000E-4, 6.80000E-3,0,0,0,0,0,0,0,0,0,0,0,0
0,霧峰H,茄荖#A,   4.50,1, 7.00000E-4, 4.50000E-3,0,0,0,0,0,0,0,0,0,0,0,0
0,霧峰H,茄荖#B,   4.50,1, 7.00000E-4, 4.50000E-3,0,0,0,0,0,0,0,0,0,0,0,0
0,中火H,中火H1,   0.00,1, 4.00000E-4,-9.00000E-4,0,0,0,0,0,0,0,0,0,0,0,0
0,中火H,中火H2,   0.00,1, 3.00000E-4,-6.00000E-4,0,0,0,0,0,0,0,0,0,0,0,0
0,中火H,港工H,   4.46,1, 3.00000E-4, 2.90000E-3,0,0,0,0,0,0,0,0,0,0,0,0
0,中火H,海尾H,   3.04,1, 3.00000E-4, 2.50000E-3,0,0,0,0,0,0,0,0,0,0,0,0
0,中火H,煤場H,   2.05,1, 5.00000E-4, 1.30000E-3,0,0,0,0,0,0,0,0,0,0,0,0
0,中火H,煤場H,   2.05,1, 5.00000E-4, 1.20000E-3,0,0,0,0,0,0,0,0,0,0,0,0
0,中火H,中美#A,   9.30,1, 6.00000E-4, 7.40000E-3,0,0,0,0,0,0,0,0,0,0,0,0
0,中火H,中氣C,  10.20,1, 6.00000E-4, 7.40000E-3,0,0,0,0,0,0,0,0,0,0,0,0
0,中火H,中聯C,   4.20,1, 3.00000E-4, 3.50000E-3,0,0,0,0,0,0,0,0,0,0,0,0
0,中火H,中港#A,  11.07,1, 1.60000E-3, 1.44000E-2,0,0,0,0,0,0,0,0,0,0,0,0
0,中火H,中港#B,  11.07,1, 1.60000E-3, 1.44000E-2,0,0,0,0,0,0,0,0,0,0,0,0
0,彰濱E,全興E,  12.67,1, 2.00000E-4, 3.30000E-3,0,0,0,0,0,0,0,0,0,0,0,0
0,彰濱H,彰英C,   0.57,1, 1.00000E-4, 2.00000E-4,0,0,0,0,0,0,0,0,0,0,0,0
0,彰濱H,星彰H,   1.00,1, 0.00000E+0, 4.00000E-4,0,0,0,0,0,0,0,0,0,0,0,0
0,彰濱H,星彰H,   1.00,1, 0.00000E+0, 4.00000E-4,0,0,0,0,0,0,0,0,0,0,0,0
0,彰濱H,彰濱H2,   0.00,1, 0.00000E+0, 1.00000E-6,0,0,0,0,0,0,0,0,0,0,0,0
0,全興E,南投E,  39.63,1, 7.00000E-4, 1.03000E-2,0,0,0,0,0,0,0,0,0,0,0,0
0,全興E,南投E,  39.63,1, 7.00000E-4, 1.03000E-2,0,0,0,0,0,0,0,0,0,0,0,0
0,全興E,中寮南E,  42.10,1, 7.00000E-4, 1.10000E-2,0,0,0,0,0,0,0,0,0,0,0,0
0,全興H,彰新#A,  11.09,1, 2.00000E-3, 1.39000E-2,0,0,0,0,0,0,0,0,0,0,0,0
0,全興H,彰新#B,  11.09,1, 2.10000E-3, 1.39000E-2,0,0,0,0,0,0,0,0,0,0,0,0
0,全興H,慶欣欣C,   1.69,1, 4.00000E-4, 1.60000E-3,0,0,0,0,0,0,0,0,0,0,0,0
0,南投E,中寮南E,  14.10,1, 2.00000E-4, 3.60000E-3,0,0,0,0,0,0,0,0,0,0,0,0
0,南投E,中寮南E,  14.10,1, 2.00000E-4, 3.60000E-3,0,0,0,0,0,0,0,0,0,0,0,0
0,南投E,彰林E,  23.32,1, 4.00000E-4, 6.00000E-3,0,0,0,0,0,0,0,0,0,0,0,0
0,南投E,彰林E,  23.32,1, 4.00000E-4, 6.00000E-3,0,0,0,0,0,0,0,0,0,0,0,0
0,南投H,員東H,  14.99,1, 2.20000E-3, 1.93000E-2,0,0,0,0,0,0,0,0,0,0,0,0
0,南投H,員東H,  14.99,1, 2.20000E-3, 1.93000E-2,0,0,0,0,0,0,0,0,0,0,0,0
0,南投H,田中H,  12.45,1, 1.30000E-3, 1.15000E-2,0,0,0,0,0,0,0,0,0,0,0,0
0,南投H,田中H,  12.45,1, 1.20000E-3, 1.14000E-2,0,0,0,0,0,0,0,0,0,0,0,0
0,南投H,投中H,   6.75,1, 8.00000E-4, 7.50000E-3,0,0,0,0,0,0,0,0,0,0,0,0
0,南投H,投中H,   6.75,1, 8.00000E-4, 7.50000E-3,0,0,0,0,0,0,0,0,0,0,0,0
0,中寮北E,中寮南E,   0.00,1, 0.00000E+0, 1.00000E-6,0,0,0,0,0,0,0,0,0,0,0,0
0,中寮北E,嘉民E,  51.60,1, 9.00000E-4, 1.34000E-2,0,0,0,0,0,0,0,0,0,0,0,0
0,中寮北E,嘉民E,  51.60,1, 9.00000E-4, 1.34000E-2,0,0,0,0,0,0,0,0,0,0,0,0
0,中寮北E,塑化E,  71.50,1, 1.20000E-3, 2.00000E-2,0,0,0,0,0,0,0,0,0,0,0,0
0,中寮北E,塑化E,  71.50,1, 1.30000E-3, 1.99000E-2,0,0,0,0,0,0,0,0,0,0,0,0
0,中寮北E,霧娑#C,  15.87,1, 3.00000E-4, 4.10000E-3,0,0,0,0,0,0,0,0,0,0,0,0
0,中寮北E,霧娑#D,  15.87,1, 3.00000E-4, 4.10000E-3,0,0,0,0,0,0,0,0,0,0,0,0
0,中寮南E,嘉民E,  63.19,1, 1.10000E-3, 1.64000E-2,0,0,0,0,0,0,0,0,0,0,0,0
0,中寮南E,霧娑#A,  19.82,1, 3.00000E-4, 5.10000E-3,0,0,0,0,0,0,0,0,0,0,0,0
0,中寮南E,霧娑#B,  19.82,1, 3.00000E-4, 5.10000E-3,0,0,0,0,0,0,0,0,0,0,0,0
0,中寮南E,瀰力E, 157.50,1, 2.60000E-3, 4.08000E-2,0,0,0,0,0,0,0,0,0,0,0,0
0,嘉民E,南科E,  72.95,1, 1.20000E-3, 1.84000E-2,0,0,0,0,0,0,0,0,0,0,0,0
0,嘉民E,南科E,  74.04,1, 1.20000E-3, 1.87000E-2,0,0,0,0,0,0,0,0,0,0,0,0
0,嘉民E,麥寮E,  46.95,1, 8.00000E-4, 1.30000E-2,0,0,0,0,0,0,0,0,0,0,0,0
0,嘉民E,麥寮E,  46.95,1, 8.00000E-4, 1.30000E-2,0,0,0,0,0,0,0,0,0,0,0,0
0,嘉民E,瀰力E, 114.78,1, 1.90000E-3, 2.97000E-2,0,0,0,0,0,0,0,0,0,0,0,0
0,嘉民北H,嘉民南H,   0.00,1, 0.00000E+0, 1.00000E-6,0,0,0,0,0,0,0,0,0,0,0,0
0,嘉民北H,雲林H,  16.81,1, 4.60000E-3, 2.40000E-2,0,0,0,0,0,0,0,0,0,0,0,0
0,嘉民北H,雲林H,  16.81,1, 4.60000E-3, 2.40000E-2,0,0,0,0,0,0,0,0,0,0,0,0
0,嘉民北H,北港H,  26.63,1, 3.90000E-3, 3.47000E-2,0,0,0,0,0,0,0,0,0,0,0,0
0,嘉民北H,北港H,  26.63,1, 3.90000E-3, 3.47000E-2,0,0,0,0,0,0,0,0,0,0,0,0
0,嘉民北H,斗工H,  38.25,1, 6.60000E-3, 4.92000E-2,0,0,0,0,0,0,0,0,0,0,0,0
0,嘉民北H,台嘉C,  17.96,1, 2.60000E-3, 2.34000E-2,0,0,0,0,0,0,0,0,0,0,0,0
0,嘉民北H,台嘉C,  17.71,1, 2.60000E-3, 2.31000E-2,0,0,0,0,0,0,0,0,0,0,0,0
0,嘉民北H,雲林H,  33.33,1, 5.60000E-3, 4.23000E-2,0,0,0,0,0,0,0,0,0,0,0,0
0,嘉民北H,嘉民ET3 SW.,   0.00,1, 0.00000E+0, 1.00000E-6,0,0,0,0,0,0,0,0,0,0,0,0
0,嘉民南H,嘉義H,   8.25,1, 1.40000E-3, 1.07000E-2,0,0,0,0,0,0,0,0,0,0,0,0
0,嘉民南H,嘉義H,   7.40,1, 1.10000E-3, 9.60000E-3,0,0,0,0,0,0,0,0,0,0,0,0
0,嘉民南H,嘉義H,   8.26,1, 1.40000E-3, 1.07000E-2,0,0,0,0,0,0,0,0,0,0,0,0
0,嘉民南H,嘉義H,   7.40,1, 1.10000E-3, 9.60000E-3,0,0,0,0,0,0,0,0,0,0,0,0
0,嘉民南H,柳營H,  36.46,1, 8.30000E-3, 4.70000E-2,0,0,0,0,0,0,0,0,0,0,0,0
0,嘉民南H,柳營H,  36.46,1, 8.20000E-3, 4.70000E-2,0,0,0,0,0,0,0,0,0,0,0,0
0,嘉民南H,嘉惠H,   3.03,1, 2.00000E-4, 3.20000E-3,0,0,0,0,0,0,0,0,0,0,0,0
0,嘉民南H,嘉惠H,   3.03,1, 3.00000E-4, 3.20000E-3,0,0,0,0,0,0,0,0,0,0,0,0
0,嘉民南H,嘉民ET3 SW.,   0.00,1, 0.00000E+0, 1.00000E-6,0,0,0,0,0,0,0,0,0,0,0,0
0,南科E,龍崎北E,  43.66,1, 7.00000E-4, 1.08000E-2,0,0,0,0,0,0,0,0,0,0,0,0
0,南科E,龍崎北E,  45.93,1, 7.00000E-4, 1.14000E-2,0,0,0,0,0,0,0,0,0,0,0,0
0,南科東H,南科西H,   0.00,1, 0.00000E+0, 1.00000E-6,0,0,0,0,0,0,0,0,0,0,0,0
0,南科東H,三竹H,   2.81,1, 4.00000E-4, 3.50000E-3,0,0,0,0,0,0,0,0,0,0,0,0
0,南科東H,三竹H,   2.79,1, 4.00000E-4, 3.50000E-3,0,0,0,0,0,0,0,0,0,0,0,0
0,南科東H,豐華H,   4.95,1, 8.00000E-4, 6.20000E-3,0,0,0,0,0,0,0,0,0,0,0,0
0,南科東H,豐華H,   4.95,1, 8.00000E-4, 6.20000E-3,0,0,0,0,0,0,0,0,0,0,0,0
0,南科東H,康寧C,   1.40,1, 1.00000E-4, 1.10000E-3,0,0,0,0,0,0,0,0,0,0,0,0
0,南科東H,積六C,   1.90,1, 2.00000E-4, 1.00000E-3,0,0,0,0,0,0,0,0,0,0,0,0
0,南科東H,積P3C,   1.50,1, 1.00000E-4, 4.00000E-4,0,0,0,0,0,0,0,0,0,0,0,0
0,南科東H,和鑫二C,   2.45,1, 2.00000E-4, 1.00000E-3,0,0,0,0,0,0,0,0,0,0,0,0
0,南科西H,三福化工,   1.50,1, 1.00000E-4, 1.20000E-3,0,0,0,0,0,0,0,0,0,0,0,0
0,南科西H,道爺H,   4.44,1, 6.00000E-4, 3.60000E-3,0,0,0,0,0,0,0,0,0,0,0,0
0,南科西H,道爺H,   4.44,1, 6.00000E-4, 3.70000E-3,0,0,0,0,0,0,0,0,0,0,0,0
0,南科西H,道爺H,   3.32,1, 4.00000E-4, 3.10000E-3,0,0,0,0,0,0,0,0,0,0,0,0
0,南科西H,道爺H,   3.32,1, 4.00000E-4, 3.10000E-3,0,0,0,0,0,0,0,0,0,0,0,0
0,龍崎北E,路北E,  16.25,1, 3.00000E-4, 4.20000E-3,0,0,0,0,0,0,0,0,0,0,0,0
0,龍崎北E,瀰力E,  19.83,1, 3.00000E-4, 5.10000E-3,0,0,0,0,0,0,0,0,0,0,0,0
0,龍崎北E,瀰力E,  19.83,1, 3.00000E-4, 5.10000E-3,0,0,0,0,0,0,0,0,0,0,0,0
0,龍崎北H,山上H,  17.05,1, 4.20000E-3, 2.33000E-2,0,0,0,0,0,0,0,0,0,0,0,0
0,龍崎北H,山上H,  17.05,1, 4.20000E-3, 2.33000E-2,0,0,0,0,0,0,0,0,0,0,0,0
0,龍崎北H,台南H,  18.83,1, 4.30000E-3, 2.49000E-2,0,0,0,0,0,0,0,0,0,0,0,0
0,龍崎北H,台南H,  18.83,1, 4.30000E-3, 2.49000E-2,0,0,0,0,0,0,0,0,0,0,0,0
0,龍崎北H,二甲#A,   1.06,1, 2.00000E-4, 1.40000E-3,0,0,0,0,0,0,0,0,0,0,0,0
0,龍崎北H,二甲#B,   1.06,1, 2.00000E-4, 1.40000E-3,0,0,0,0,0,0,0,0,0,0,0,0
0,龍崎南E,路北E,  16.23,1, 3.00000E-4, 4.20000E-3,0,0,0,0,0,0,0,0,0,0,0,0
0,龍崎南E,仁武E,  24.59,1, 7.00000E-4, 7.70000E-3,0,0,0,0,0,0,0,0,0,0,0,0
0,龍崎南E,仁武E,  24.59,1, 7.00000E-4, 7.60000E-3,0,0,0,0,0,0,0,0,0,0,0,0
0,龍崎南H,岡山H,  15.02,1, 3.40000E-3, 1.99000E-2,0,0,0,0,0,0,0,0,0,0,0,0
0,龍崎南H,岡山H,  15.02,1, 3.40000E-3, 1.99000E-2,0,0,0,0,0,0,0,0,0,0,0,0
0,龍崎南H,路園H,  19.19,1, 4.70000E-3, 2.51000E-2,0,0,0,0,0,0,0,0,0,0,0,0
0,龍崎南H,聯錏C,   4.66,1, 7.00000E-4, 5.70000E-3,0,0,0,0,0,0,0,0,0,0,0,0
0,龍崎南H,嘉峰#B,  14.10,1, 3.30000E-3, 1.85000E-2,0,0,0,0,0,0,0,0,0,0,0,0
0,路北H,竹嶺H,   4.01,1, 7.00000E-4, 5.00000E-3,0,0,0,0,0,0,0,0,0,0,0,0
0,路北H,竹嶺H,   4.01,1, 7.00000E-4, 5.10000E-3,0,0,0,0,0,0,0,0,0,0,0,0
0,路北H,奇美八C,   0.65,1, 0.00000E+0, 2.00000E-4,0,0,0,0,0,0,0,0,0,0,0,0
0,路北H,奇美八C,   0.65,1, 0.00000E+0, 2.00000E-4,0,0,0,0,0,0,0,0,0,0,0,0
0,路北H,保定H,   7.90,1, 6.00000E-4, 3.30000E-3,0,0,0,0,0,0,0,0,0,0,0,0
0,路北H,保定H,   7.90,1, 6.00000E-4, 3.30000E-3,0,0,0,0,0,0,0,0,0,0,0,0
0,路北H,岡工H,   5.90,1, 3.00000E-4, 1.60000E-3,0,0,0,0,0,0,0,0,0,0,0,0
0,路北H,岡工H,   5.90,1, 3.00000E-4, 1.70000E-3,0,0,0,0,0,0,0,0,0,0,0,0
0,仁武E,高港E,  16.70,1, 5.00000E-4, 5.20000E-3,0,0,0,0,0,0,0,0,0,0,0,0
0,仁武E,高港E,  16.70,1, 5.00000E-4, 5.20000E-3,0,0,0,0,0,0,0,0,0,0,0,0
0,仁武H,岡山H,  12.31,1, 2.60000E-3, 1.47000E-2,0,0,0,0,0,0,0,0,0,0,0,0
0,仁武H,社武H,   6.34,1, 7.00000E-4, 5.50000E-3,0,0,0,0,0,0,0,0,0,0,0,0
0,仁武H,社武H,   6.34,1, 7.00000E-4, 5.50000E-3,0,0,0,0,0,0,0,0,0,0,0,0
0,仁武H,社武H,   5.21,1, 6.00000E-4, 5.30000E-3,0,0,0,0,0,0,0,0,0,0,0,0
0,仁武H,社武H,   5.21,1, 6.00000E-4, 5.30000E-3,0,0,0,0,0,0,0,0,0,0,0,0
0,仁武H,美山#A,   9.69,1, 1.70000E-3, 9.50000E-3,0,0,0,0,0,0,0,0,0,0,0,0
0,仁武H,美山#B,   9.69,1, 1.70000E-3, 9.50000E-3,0,0,0,0,0,0,0,0,0,0,0,0
0,仁武H,塑仁C,   3.35,1, 5.00000E-4, 3.30000E-3,0,0,0,0,0,0,0,0,0,0,0,0
0,仁武H,泛喬C,   5.20,1, 5.00000E-4, 4.80000E-3,0,0,0,0,0,0,0,0,0,0,0,0
0,仁武H,社灣H,   6.10,1, 5.00000E-4, 2.50000E-3,0,0,0,0,0,0,0,0,0,0,0,0
0,仁武H,社灣H,   6.10,1, 5.00000E-4, 2.50000E-3,0,0,0,0,0,0,0,0,0,0,0,0
0,高雄H,同盟H,   2.47,1, 2.00000E-4, 1.80000E-3,0,0,0,0,0,0,0,0,0,0,0,0
0,高雄H,同盟H,   2.47,1, 2.00000E-4, 1.80000E-3,0,0,0,0,0,0,0,0,0,0,0,0
0,高雄H,內惟H,   2.00,1, 2.00000E-4, 8.00000E-4,0,0,0,0,0,0,0,0,0,0,0,0
0,高雄H,三民H,   3.10,1, 1.00000E-4, 1.10000E-3,0,0,0,0,0,0,0,0,0,0,0,0
0,高雄H,三民H,   3.10,1, 2.00000E-4, 1.00000E-3,0,0,0,0,0,0,0,0,0,0,0,0
0,高雄H,凱旋H,   7.45,1, 5.00000E-4, 6.10000E-3,0,0,0,0,0,0,0,0,0,0,0,0
0,高雄H,捷五C,   1.80,1, 2.00000E-4, 1.40000E-3,0,0,0,0,0,0,0,0,0,0,0,0
0,高雄H,捷五C,   1.80,1, 2.00000E-4, 1.40000E-3,0,0,0,0,0,0,0,0,0,0,0,0
0,高雄H,龍子H,   1.85,1, 1.00000E-4, 9.00000E-4,0,0,0,0,0,0,0,0,0,0,0,0
0,高雄H,龍子H,   2.60,1, 1.00000E-4, 9.00000E-4,0,0,0,0,0,0,0,0,0,0,0,0
0,高雄H,內惟H,   2.00,1, 2.00000E-4, 8.00000E-4,0,0,0,0,0,0,0,0,0,0,0,0
0,高雄H,凱旋H,   7.40,1, 5.00000E-4, 6.10000E-3,0,0,0,0,0,0,0,0,0,0,0,0
0,五甲H,凱旋H,   3.97,1, 3.00000E-4, 3.20000E-3,0,0,0,0,0,0,0,0,0,0,0,0
0,五甲H,四維H,   5.43,1, 4.00000E-4, 4.40000E-3,0,0,0,0,0,0,0,0,0,0,0,0
0,五甲H,臨海H,   3.20,1, 3.00000E-4, 2.10000E-3,0,0,0,0,0,0,0,0,0,0,0,0
0,五甲H,貴陽H,   2.16,1, 1.00000E-4, 8.00000E-4,0,0,0,0,0,0,0,0,0,0,0,0
0,五甲H,貴陽H,   2.16,1, 1.00000E-4, 8.00000E-4,0,0,0,0,0,0,0,0,0,0,0,0
0,五甲H,凱旋H,   3.97,1, 3.00000E-4, 3.20000E-3,0,0,0,0,0,0,0,0,0,0,0,0
0,五甲H,鳳農H,   4.40,1, 3.00000E-4, 1.80000E-3,0,0,0,0,0,0,0,0,0,0,0,0
0,五甲H,鳳農H,   4.40,1, 3.00000E-4, 1.80000E-3,0,0,0,0,0,0,0,0,0,0,0,0
0,高港E,大鵬E,  32.33,1, 5.00000E-4, 8.40000E-3,0,0,0,0,0,0,0,0,0,0,0,0
0,高港E,大鵬E,  32.33,1, 5.00000E-4, 8.40000E-3,0,0,0,0,0,0,0,0,0,0,0,0
0,高港甲H,南工甲H,   4.95,1, 9.00000E-4, 6.50000E-3,0,0,0,0,0,0,0,0,0,0,0,0
0,高港甲H,美山#A,   8.84,1, 1.90000E-3, 1.16000E-2,0,0,0,0,0,0,0,0,0,0,0,0
0,高港甲H,美山#B,   8.84,1, 1.90000E-3, 1.16000E-2,0,0,0,0,0,0,0,0,0,0,0,0
0,高港甲H,加一#A,   4.40,1, 8.00000E-4, 5.70000E-3,0,0,0,0,0,0,0,0,0,0,0,0
0,高港甲H,加一#B,   4.40,1, 8.00000E-4, 5.70000E-3,0,0,0,0,0,0,0,0,0,0,0,0
0,高港乙H,高港丙H,   0.58,1, 1.00000E-4, 1.00000E-4,0,0,0,0,0,0,0,0,0,0,0,0
0,高港乙H,高港丙H,   0.58,1, 1.00000E-4, 1.00000E-4,0,0,0,0,0,0,0,0,0,0,0,0
0,高港乙H,貴陽H,   6.60,1, 1.90000E-3, 3.70000E-3,0,0,0,0,0,0,0,0,0,0,0,0
0,高港乙H,貴陽H,   6.60,1, 1.90000E-3, 3.70000E-3,0,0,0,0,0,0,0,0,0,0,0,0
0,高港乙H,過埤H,   8.00,1, 6.00000E-4, 3.30000E-3,0,0,0,0,0,0,0,0,0,0,0,0
0,高港乙H,過埤H,   8.00,1, 6.00000E-4, 3.30000E-3,0,0,0,0,0,0,0,0,0,0,0,0
0,大鵬E,瀰力E,  56.60,1, 9.00000E-4, 1.47000E-2,0,0,0,0,0,0,0,0,0,0,0,0
0,大鵬H,屏東H,  17.00,1, 3.70000E-3, 2.23000E-2,0,0,0,0,0,0,0,0,0,0,0,0
0,大鵬H,屏東H,  17.00,1, 3.70000E-3, 2.23000E-2,0,0,0,0,0,0,0,0,0,0,0,0
0,大鵬H,屏東H,  18.96,1, 2.80000E-3, 2.47000E-2,0,0,0,0,0,0,0,0,0,0,0,0
0,大鵬H,屏東H,  18.96,1, 2.80000E-3, 2.47000E-2,0,0,0,0,0,0,0,0,0,0,0,0
0,大鵬H,楓港H,  29.11,1, 7.60000E-3, 4.05000E-2,0,0,0,0,0,0,0,0,0,0,0,0
0,大鵬H,楓港H,  29.11,1, 7.60000E-3, 4.05000E-2,0,0,0,0,0,0,0,0,0,0,0,0
0,大鵬H,東港H,  17.80,1, 2.00000E-3, 1.58000E-2,0,0,0,0,0,0,0,0,0,0,0,0
0,大鵬H,東港H,  17.80,1, 2.00000E-3, 1.58000E-2,0,0,0,0,0,0,0,0,0,0,0,0
0,鳳林H,玉里H,  47.94,1, 6.90000E-3, 6.15000E-2,0,0,0,0,0,0,0,0,0,0,0,0
0,鳳林H,玉里H,  47.94,1, 6.90000E-3, 6.15000E-2,0,0,0,0,0,0,0,0,0,0,0,0
0,鳳林H,壽豐#A,  17.14,1, 2.50000E-3, 2.21000E-2,0,0,0,0,0,0,0,0,0,0,0,0
0,鳳林H,壽豐#B,  17.14,1, 2.50000E-3, 2.21000E-2,0,0,0,0,0,0,0,0,0,0,0,0
0,羅東H,利澤H,  11.00,1, 5.00000E-4, 5.30000E-3,0,0,0,0,0,0,0,0,0,0,0,0
0,羅東H,利澤H,  11.00,1, 5.00000E-4, 5.30000E-3,0,0,0,0,0,0,0,0,0,0,0,0
0,羅東H,冬山#A,   3.08,1, 7.00000E-4, 4.00000E-3,0,0,0,0,0,0,0,0,0,0,0,0
0,羅東H,冬山#B,   3.08,1, 7.00000E-4, 4.00000E-3,0,0,0,0,0,0,0,0,0,0,0,0
0,南港H,坪林#A,   0.78,1, 1.00000E-4, 4.00000E-4,0,0,0,0,0,0,0,0,0,0,0,0
0,南港H,坪林#B,   0.78,1, 1.00000E-4, 7.00000E-4,0,0,0,0,0,0,0,0,0,0,0,0
0,南港H,八連#A,   1.35,1, 2.00000E-4, 1.80000E-3,0,0,0,0,0,0,0,0,0,0,0,0
0,南港H,八連#B,   1.35,1, 2.00000E-4, 1.70000E-3,0,0,0,0,0,0,0,0,0,0,0,0
0,南港H,南港#A,   6.34,1, 9.00000E-4, 8.30000E-3,0,0,0,0,0,0,0,0,0,0,0,0
0,南港H,橋東H,   3.72,1, 2.00000E-4, 3.00000E-3,0,0,0,0,0,0,0,0,0,0,0,0
0,南港H,義捷C,   7.94,1, 1.00000E-3, 9.60000E-3,0,0,0,0,0,0,0,0,0,0,0,0
0,八堵H,澳底#A,  10.18,1, 1.50000E-3, 1.32000E-2,0,0,0,0,0,0,0,0,0,0,0,0
0,八堵H,澳底#B,  10.16,1, 1.50000E-3, 1.32000E-2,0,0,0,0,0,0,0,0,0,0,0,0
0,陽明H,蘭雅H,   3.45,1, 7.00000E-4, 3.90000E-3,0,0,0,0,0,0,0,0,0,0,0,0
0,陽明H,陽明#A,   4.93,1, 1.20000E-3, 6.50000E-3,0,0,0,0,0,0,0,0,0,0,0,0
0,城中H,城中#A,   1.90,1, 2.00000E-4, 1.60000E-3,0,0,0,0,0,0,0,0,0,0,0,0
0,城中H,城中#B,   1.90,1, 2.00000E-4, 1.60000E-3,0,0,0,0,0,0,0,0,0,0,0,0
0,台北H,秀朗#A,   1.16,1, 1.00000E-4, 1.10000E-3,0,0,0,0,0,0,0,0,0,0,0,0
0,台北H,秀朗#B,   1.16,1, 1.00000E-4, 1.10000E-3,0,0,0,0,0,0,0,0,0,0,0,0
0,台北H,義捷#A,   5.81,1, 8.00000E-4, 6.50000E-3,0,0,0,0,0,0,0,0,0,0,0,0
0,台北H,臥龍#A,   2.69,1, 2.00000E-4, 2.40000E-3,0,0,0,0,0,0,0,0,0,0,0,0
0,台北H,建國#A,   2.69,1, 2.00000E-4, 2.40000E-3,0,0,0,0,0,0,0,0,0,0,0,0
0,台北H,興捷#A,   0.00,1, 0.00000E+0, 1.00000E-6,0,0,0,0,0,0,0,0,0,0,0,0
0,台北H,興捷#B,   0.00,1, 0.00000E+0, 1.00000E-6,0,0,0,0,0,0,0,0,0,0,0,0
0,大同H,蘆洲H,   5.20,1, 5.00000E-4, 4.70000E-3,0,0,0,0,0,0,0,0,0,0,0,0
0,大同H,大同#A,   0.00,1, 0.00000E+0, 1.00000E-6,0,0,0,0,0,0,0,0,0,0,0,0
0,蘆洲H,大同#A,   5.21,1, 5.00000E-4, 4.70000E-3,0,0,0,0,0,0,0,0,0,0,0,0
0,蘆洲H,東林H,   7.53,1, 1.20000E-3, 9.70000E-3,0,0,0,0,0,0,0,0,0,0,0,0
0,蘆洲H,東林H,   7.53,1, 1.20000E-3, 9.70000E-3,0,0,0,0,0,0,0,0,0,0,0,0
0,蘆洲H,百齡H,   7.25,1, 1.20000E-3, 6.50000E-3,0,0,0,0,0,0,0,0,0,0,0,0
0,蘆洲H,陽明#A,  10.95,1, 2.10000E-3, 1.14000E-2,0,0,0,0,0,0,0,0,0,0,0,0
0,蘆洲H,重新#A,   1.22,1, 3.00000E-4, 1.60000E-3,0,0,0,0,0,0,0,0,0,0,0,0
0,蘆洲H,重新#B,   1.22,1, 3.00000E-4, 1.60000E-3,0,0,0,0,0,0,0,0,0,0,0,0
0,蘆洲H,蘆捷C,   4.33,1, 4.00000E-4, 3.70000E-3,0,0,0,0,0,0,0,0,0,0,0,0
0,蘆洲H,蘆捷C,   4.33,1, 4.00000E-4, 3.70000E-3,0,0,0,0,0,0,0,0,0,0,0,0
0,東林H,泰山#A,   3.53,1, 5.00000E-4, 4.50000E-3,0,0,0,0,0,0,0,0,0,0,0,0
0,東林H,泰山#B,   3.53,1, 5.00000E-4, 4.50000E-3,0,0,0,0,0,0,0,0,0,0,0,0
0,東林H,興珍#A,   0.94,1, 1.00000E-4, 1.10000E-3,0,0,0,0,0,0,0,0,0,0,0,0
0,東林H,興珍#B,   0.94,1, 1.00000E-4, 1.10000E-3,0,0,0,0,0,0,0,0,0,0,0,0
0,蘆竹H,南崁H,   3.97,1, 3.00000E-4, 3.00000E-3,0,0,0,0,0,0,0,0,0,0,0,0
0,蘆竹H,南崁H,   3.97,1, 3.00000E-4, 3.10000E-3,0,0,0,0,0,0,0,0,0,0,0,0
0,蘆竹H,福海H,   7.00,1, 5.00000E-4, 5.70000E-3,0,0,0,0,0,0,0,0,0,0,0,0
0,蘆竹H,福海H,   7.00,1, 5.00000E-4, 5.70000E-3,0,0,0,0,0,0,0,0,0,0,0,0
0,樹德H,迴龍H,   9.23,1, 1.40000E-3, 1.09000E-2,0,0,0,0,0,0,0,0,0,0,0,0
0,樹德H,興珍H,   8.83,1, 1.40000E-3, 7.60000E-3,0,0,0,0,0,0,0,0,0,0,0,0
0,樹德H,福營H,   3.69,1, 1.00000E-4, 1.20000E-3,0,0,0,0,0,0,0,0,0,0,0,0
0,樹德H,樹林H,   3.80,1, 1.00000E-4, 1.30000E-3,0,0,0,0,0,0,0,0,0,0,0,0
0,樹德H,豐林#A,   2.08,1, 3.00000E-4, 1.70000E-3,0,0,0,0,0,0,0,0,0,0,0,0
0,樹德H,樹高C,   1.80,1, 2.00000E-4, 1.60000E-3,0,0,0,0,0,0,0,0,0,0,0,0
0,樹德H,樹高C,   1.80,1, 2.00000E-4, 1.60000E-3,0,0,0,0,0,0,0,0,0,0,0,0
0,中壢H,忠福H,   1.70,1, 1.00000E-4, 7.00000E-4,0,0,0,0,0,0,0,0,0,0,0,0
0,中壢H,忠福H,   2.27,1, 1.00000E-4, 1.00000E-3,0,0,0,0,0,0,0,0,0,0,0,0
0,中壢H,錦興#A,  10.10,1, 1.90000E-3, 1.32000E-2,0,0,0,0,0,0,0,0,0,0,0,0
0,中壢H,海湖H,  18.37,1, 1.70000E-3, 2.88000E-2,0,0,0,0,0,0,0,0,0,0,0,0
0,中壢H,海湖H,  18.37,1, 1.70000E-3, 2.88000E-2,0,0,0,0,0,0,0,0,0,0,0,0
0,中壢H,自立H,   3.00,1, 2.00000E-4, 1.20000E-3,0,0,0,0,0,0,0,0,0,0,0,0
0,中壢H,武陵H,   2.83,1, 5.00000E-3, 3.20000E-3,0,0,0,0,0,0,0,0,0,0,0,0
0,中壢H,武陵H,   2.83,1, 5.00000E-3, 3.20000E-3,0,0,0,0,0,0,0,0,0,0,0,0
0,中壢H,自立H,   3.00,1, 2.00000E-4, 1.20000E-3,0,0,0,0,0,0,0,0,0,0,0,0
0,中壢H,五權H,   8.00,1, 6.00000E-4, 6.60000E-3,0,0,0,0,0,0,0,0,0,0,0,0
0,中壢H,五權H,   8.00,1, 6.00000E-4, 6.60000E-3,0,0,0,0,0,0,0,0,0,0,0,0
0,觀音#1,中大H,  12.12,1, 4.00000E-4, 5.10000E-3,0,0,0,0,0,0,0,0,0,0,0,0
0,觀音#1,白玉H,   7.63,1, 1.30000E-3, 1.00000E-2,0,0,0,0,0,0,0,0,0,0,0,0
0,觀音#1,白玉H,   7.62,1, 1.30000E-3, 1.00000E-2,0,0,0,0,0,0,0,0,0,0,0,0
0,觀音#1,楊梅#B,   5.78,1, 8.00000E-4, 7.50000E-3,0,0,0,0,0,0,0,0,0,0,0,0
0,松樹H,隆恩H,  11.96,1, 2.30000E-3, 1.44000E-2,0,0,0,0,0,0,0,0,0,0,0,0
0,松樹H,隆恩H,  11.96,1, 2.30000E-3, 1.44000E-2,0,0,0,0,0,0,0,0,0,0,0,0
0,松樹H,東社H,   5.50,1, 1.10000E-3, 5.60000E-3,0,0,0,0,0,0,0,0,0,0,0,0
0,松樹H,東社H,   5.50,1, 1.00000E-3, 5.50000E-3,0,0,0,0,0,0,0,0,0,0,0,0
0,松樹H,瑞源H,   5.91,1, 3.20000E-3, 1.11000E-2,0,0,0,0,0,0,0,0,0,0,0,0
0,松樹H,瑞源H,   5.91,1, 3.30000E-3, 1.11000E-2,0,0,0,0,0,0,0,0,0,0,0,0
0,松樹H,武陵H,   9.76,1, 1.10000E-3, 7.70000E-3,0,0,0,0,0,0,0,0,0,0,0,0
0,松樹H,武陵H,   9.74,1, 1.10000E-3, 7.70000E-3,0,0,0,0,0,0,0,0,0,0,0,0
0,梅湖H,梅湖#A,   5.85,1, 9.00000E-4, 7.60000E-3,0,0,0,0,0,0,0,0,0,0,0,0
0,梅湖H,楊梅#B,  11.19,1, 1.60000E-3, 1.46000E-2,0,0,0,0,0,0,0,0,0,0,0,0
0,梅湖H,梅湖#A,   5.84,1, 9.00000E-4, 7.60000E-3,0,0,0,0,0,0,0,0,0,0,0,0
0,梅湖H,富岡H,  10.37,1, 1.40000E-3, 1.25000E-2,0,0,0,0,0,0,0,0,0,0,0,0
0,新竹H,龍山H,   1.50,1, 1.00000E-4, 6.00000E-4,0,0,0,0,0,0,0,0,0,0,0,0
0,新竹H,龍山H,   1.50,1, 1.00000E-4, 6.00000E-4,0,0,0,0,0,0,0,0,0,0,0,0
0,新竹H,潭後H,   4.21,1, 3.00000E-4, 3.00000E-3,0,0,0,0,0,0,0,0,0,0,0,0
0,新竹H,潭後H,   4.21,1, 3.00000E-4, 3.00000E-3,0,0,0,0,0,0,0,0,0,0,0,0
0,新竹H,龍松H,   2.70,1, 1.00000E-4, 9.00000E-4,0,0,0,0,0,0,0,0,0,0,0,0
0,新竹H,龍松H,   2.70,1, 1.00000E-4, 9.00000E-4,0,0,0,0,0,0,0,0,0,0,0,0
0,新竹H,六家H,   7.47,1, 7.00000E-4, 4.40000E-3,0,0,0,0,0,0,0,0,0,0,0,0
0,新竹H,六家H,   7.20,1, 6.00000E-4, 4.30000E-3,0,0,0,0,0,0,0,0,0,0,0,0
0,新竹H,隘口H,   3.01,1, 7.00000E-4, 3.60000E-3,0,0,0,0,0,0,0,0,0,0,0,0
0,新竹H,隘口H,   3.01,1, 7.00000E-4, 3.60000E-3,0,0,0,0,0,0,0,0,0,0,0,0
0,新竹H,龍明H,   2.07,1, 4.00000E-4, 2.50000E-3,0,0,0,0,0,0,0,0,0,0,0,0
0,新竹H,龍明H,   2.07,1, 4.00000E-4, 2.50000E-3,0,0,0,0,0,0,0,0,0,0,0,0
0,新竹H,公園H,   4.88,1, 0.00000E+0, 1.00000E-4,0,0,0,0,0,0,0,0,0,0,0,0
0,苗栗H,苗高#A,  10.10,1, 1.50000E-3, 1.30000E-2,0,0,0,0,0,0,0,0,0,0,0,0
0,苗栗H,苗栗#A,   5.21,1, 1.00000E-3, 6.40000E-3,0,0,0,0,0,0,0,0,0,0,0,0
0,苗栗H,苗栗#B,   5.21,1, 1.00000E-3, 6.40000E-3,0,0,0,0,0,0,0,0,0,0,0,0
0,苗栗H,苗高C,  11.02,1, 1.60000E-3, 1.41000E-2,0,0,0,0,0,0,0,0,0,0,0,0
0,南湖H,龍秀H,   9.94,1, 1.80000E-3, 1.29000E-2,0,0,0,0,0,0,0,0,0,0,0,0
0,南湖H,龍秀H,  10.80,1, 2.00000E-3, 1.41000E-2,0,0,0,0,0,0,0,0,0,0,0,0
0,南湖H,糖科H,   4.00,1, 5.00000E-4, 3.00000E-3,0,0,0,0,0,0,0,0,0,0,0,0
0,南湖H,糖科H,   4.00,1, 5.00000E-4, 3.00000E-3,0,0,0,0,0,0,0,0,0,0,0,0
0,南湖H,苗栗#A,  13.90,1, 2.70000E-3, 1.81000E-2,0,0,0,0,0,0,0,0,0,0,0,0
0,南湖H,苗栗#B,  16.20,1, 3.10000E-3, 2.11000E-2,0,0,0,0,0,0,0,0,0,0,0,0
0,南湖H,香風C,  11.02,1, 1.70000E-3, 1.43000E-2,0,0,0,0,0,0,0,0,0,0,0,0
0,南湖H,朝山H,  11.07,1, 1.70000E-3, 1.38000E-2,0,0,0,0,0,0,0,0,0,0,0,0
0,南湖H,朝山H,  11.07,1, 1.70000E-3, 1.38000E-2,0,0,0,0,0,0,0,0,0,0,0,0
0,龍秀H,龍明H,   0.99,1, 1.00000E-4, 6.00000E-4,0,0,0,0,0,0,0,0,0,0,0,0
0,龍秀H,龍明H,   0.99,1, 1.00000E-4, 6.00000E-4,0,0,0,0,0,0,0,0,0,0,0,0
0,翁子H,潭南H,   9.77,1, 1.30000E-3, 1.12000E-2,0,0,0,0,0,0,0,0,0,0,0,0
0,翁子H,豐原H,   3.39,1, 3.00000E-4, 2.60000E-3,0,0,0,0,0,0,0,0,0,0,0,0
0,翁子H,十甲#A,  13.30,1, 1.90000E-3, 1.73000E-2,0,0,0,0,0,0,0,0,0,0,0,0
0,翁子H,卓蘭#A,   6.40,1, 1.20000E-3, 8.40000E-3,0,0,0,0,0,0,0,0,0,0,0,0
0,翁子H,新社#A,  13.74,1, 2.60000E-3, 1.76000E-2,0,0,0,0,0,0,0,0,0,0,0,0
0,翁子H,新社#B,  13.74,1, 2.60000E-3, 1.76000E-2,0,0,0,0,0,0,0,0,0,0,0,0
0,埔里H,藍城H,   8.00,1, 9.00000E-4, 6.10000E-3,0,0,0,0,0,0,0,0,0,0,0,0
0,埔里H,藍城H,   8.00,1, 6.00000E-4, 5.90000E-3,0,0,0,0,0,0,0,0,0,0,0,0
0,埔里H,松林H,  16.44,1, 7.40000E-3, 3.01000E-2,0,0,0,0,0,0,0,0,0,0,0,0
0,中市H,黎明H,   3.60,1, 4.00000E-4, 1.50000E-3,0,0,0,0,0,0,0,0,0,0,0,0
0,中市H,工甲H,   4.82,1, 1.00000E-4, 1.80000E-3,0,0,0,0,0,0,0,0,0,0,0,0
0,中市H,工甲H,   4.82,1, 2.00000E-4, 1.80000E-3,0,0,0,0,0,0,0,0,0,0,0,0
0,中市H,英才H,   5.28,1, 4.00000E-4, 4.50000E-3,0,0,0,0,0,0,0,0,0,0,0,0
0,中市H,豐樂H,   2.66,1, 2.00000E-4, 2.20000E-3,0,0,0,0,0,0,0,0,0,0,0,0
0,中市H,烏日H,   6.30,1, 4.00000E-4, 5.20000E-3,0,0,0,0,0,0,0,0,0,0,0,0
0,中市H,南屯H,   4.40,1, 4.00000E-4, 3.80000E-3,0,0,0,0,0,0,0,0,0,0,0,0
0,中市H,機科H,   3.22,1, 3.00000E-4, 2.90000E-3,0,0,0,0,0,0,0,0,0,0,0,0
0,中市H,機科H,   3.22,1, 3.00000E-4, 2.90000E-3,0,0,0,0,0,0,0,0,0,0,0,0
0,中清H,明秀H,  13.20,1, 1.70000E-3, 1.56000E-2,0,0,0,0,0,0,0,0,0,0,0,0
0,中清H,外埔H,   8.50,1, 1.10000E-3, 9.80000E-3,0,0,0,0,0,0,0,0,0,0,0,0
0,中清H,外埔H,   8.56,1, 1.20000E-3, 9.90000E-3,0,0,0,0,0,0,0,0,0,0,0,0
0,彰化H,茄荖H,  17.43,1, 3.20000E-3, 2.25000E-2,0,0,0,0,0,0,0,0,0,0,0,0
0,彰化H,茄荖H,  17.45,1, 3.20000E-3, 2.25000E-2,0,0,0,0,0,0,0,0,0,0,0,0
0,彰化H,大霞H,   6.92,1, 1.00000E-3, 6.40000E-3,0,0,0,0,0,0,0,0,0,0,0,0
0,彰化H,彰新#A,   4.16,1, 9.00000E-4, 5.50000E-3,0,0,0,0,0,0,0,0,0,0,0,0
0,彰化H,福興H,   8.20,1, 3.00000E-4, 3.20000E-3,0,0,0,0,0,0,0,0,0,0,0,0
0,彰化H,福興H,   8.20,1, 3.00000E-4, 3.20000E-3,0,0,0,0,0,0,0,0,0,0,0,0
0,彰化H,花壇H,   8.30,1, 1.20000E-3, 1.01000E-2,0,0,0,0,0,0,0,0,0,0,0,0
0,彰化H,花壇H,   8.30,1, 1.20000E-3, 1.01000E-2,0,0,0,0,0,0,0,0,0,0,0,0
0,雲林H,斗六,   2.50,1, 1.00000E-4, 8.00000E-4,0,0,0,0,0,0,0,0,0,0,0,0
0,雲林H,斗六,   2.50,1, 1.00000E-4, 8.00000E-4,0,0,0,0,0,0,0,0,0,0,0,0
0,雲林H,北勢H,   5.50,1, 2.00000E-4, 2.10000E-3,0,0,0,0,0,0,0,0,0,0,0,0
0,雲林H,斗南H,   6.50,1, 5.00000E-4, 2.70000E-3,0,0,0,0,0,0,0,0,0,0,0,0
0,雲林H,雲高#A,  17.32,1, 2.50000E-3, 2.26000E-2,0,0,0,0,0,0,0,0,0,0,0,0
0,雲林H,雲高#B,  17.32,1, 2.50000E-3, 2.26000E-2,0,0,0,0,0,0,0,0,0,0,0,0
0,雲林H,斗工H,  25.08,1, 3.80000E-3, 3.09000E-2,0,0,0,0,0,0,0,0,0,0,0,0
0,嘉義H,仁愛H,   6.68,1, 3.00000E-4, 2.70000E-3,0,0,0,0,0,0,0,0,0,0,0,0
0,嘉義H,仁愛H,   6.68,1, 3.00000E-4, 2.80000E-3,0,0,0,0,0,0,0,0,0,0,0,0
0,嘉義H,山上#A,  31.50,1, 7.20000E-3, 4.13000E-2,0,0,0,0,0,0,0,0,0,0,0,0
0,嘉義H,山上#B,  31.50,1, 7.20000E-3, 4.13000E-2,0,0,0,0,0,0,0,0,0,0,0,0
0,新營H,下營H,   7.07,1, 9.00000E-4, 7.90000E-3,0,0,0,0,0,0,0,0,0,0,0,0
0,新營H,柳營H,   6.08,1, 1.20000E-3, 6.60000E-3,0,0,0,0,0,0,0,0,0,0,0,0
0,新營H,柳營H,   6.08,1, 1.20000E-3, 6.50000E-3,0,0,0,0,0,0,0,0,0,0,0,0
0,新營H,山上#A,  10.17,1, 2.20000E-3, 1.25000E-2,0,0,0,0,0,0,0,0,0,0,0,0
0,新營H,山上#B,  10.11,1, 2.20000E-3, 1.25000E-2,0,0,0,0,0,0,0,0,0,0,0,0
0,新營H,華卡C,   4.53,1, 6.00000E-4, 4.90000E-3,0,0,0,0,0,0,0,0,0,0,0,0
0,新營H,下營H,   7.07,1, 9.00000E-4, 7.80000E-3,0,0,0,0,0,0,0,0,0,0,0,0
0,北港H,台西H,  24.22,1, 3.20000E-3, 2.91000E-2,0,0,0,0,0,0,0,0,0,0,0,0
0,北港H,四湖H,  15.33,1, 2.20000E-3, 1.92000E-2,0,0,0,0,0,0,0,0,0,0,0,0
0,北港H,四湖H,  15.33,1, 2.20000E-3, 1.92000E-2,0,0,0,0,0,0,0,0,0,0,0,0
0,北港H,雲高#A,  14.70,1, 2.10000E-3, 1.92000E-2,0,0,0,0,0,0,0,0,0,0,0,0
0,山上H,台南H,  19.27,1, 4.50000E-3, 2.52000E-2,0,0,0,0,0,0,0,0,0,0,0,0
0,山上H,新化H,   7.76,1, 1.10000E-3, 1.01000E-2,0,0,0,0,0,0,0,0,0,0,0,0
0,山上H,新化H,   7.76,1, 1.10000E-3, 1.01000E-2,0,0,0,0,0,0,0,0,0,0,0,0
0,山上H,仁德H,  17.98,1, 3.80000E-3, 2.17000E-2,0,0,0,0,0,0,0,0,0,0,0,0
0,山上H,山上#A,  20.68,1, 4.80000E-3, 2.73000E-2,0,0,0,0,0,0,0,0,0,0,0,0
0,山上H,山上#B,  20.68,1, 4.80000E-3, 2.73000E-2,0,0,0,0,0,0,0,0,0,0,0,0
0,山上H,豐華#A,  10.69,1, 1.60000E-3, 1.39000E-2,0,0,0,0,0,0,0,0,0,0,0,0
0,山上H,豐華#B,  10.69,1, 1.60000E-3, 1.39000E-2,0,0,0,0,0,0,0,0,0,0,0,0
0,山上H,豐德H,   1.25,1, 2.00000E-4, 1.40000E-3,0,0,0,0,0,0,0,0,0,0,0,0
0,山上H,豐德H,   1.25,1, 2.00000E-4, 1.40000E-3,0,0,0,0,0,0,0,0,0,0,0,0
0,山上H,二甲#A,  17.03,1, 2.50000E-3, 2.22000E-2,0,0,0,0,0,0,0,0,0,0,0,0
0,山上H,二甲#B,  17.03,1, 2.50000E-3, 2.22000E-2,0,0,0,0,0,0,0,0,0,0,0,0
0,安南H,小北H,   2.99,1, 4.00000E-4, 2.50000E-3,0,0,0,0,0,0,0,0,0,0,0,0
0,安南H,小北H,   3.00,1, 2.00000E-4, 2.60000E-3,0,0,0,0,0,0,0,0,0,0,0,0
0,安南H,鹽行H,   5.79,1, 8.00000E-4, 7.50000E-3,0,0,0,0,0,0,0,0,0,0,0,0
0,安南H,和順H,   6.65,1, 1.00000E-3, 8.20000E-3,0,0,0,0,0,0,0,0,0,0,0,0
0,安南H,南濱H,   5.60,1, 5.00000E-4, 3.50000E-3,0,0,0,0,0,0,0,0,0,0,0,0
0,安南H,南濱H,   5.60,1, 4.00000E-4, 2.30000E-3,0,0,0,0,0,0,0,0,0,0,0,0
0,安南H,新化#B,  10.93,1, 1.40000E-3, 1.23000E-2,0,0,0,0,0,0,0,0,0,0,0,0
0,安南H,豐華#A,  10.55,1, 1.50000E-3, 1.37000E-2,0,0,0,0,0,0,0,0,0,0,0,0
0,台南H,仁德H,   5.08,1, 9.00000E-4, 4.90000E-3,0,0,0,0,0,0,0,0,0,0,0,0
0,台南H,延平H,   5.20,1, 4.00000E-4, 4.20000E-3,0,0,0,0,0,0,0,0,0,0,0,0
0,台南H,忠孝H,   3.00,1, 2.20000E-3, 2.60000E-3,0,0,0,0,0,0,0,0,0,0,0,0
0,台南H,忠孝H,   4.32,1, 3.00000E-4, 3.50000E-3,0,0,0,0,0,0,0,0,0,0,0,0
0,岡山H,楠梓H,   7.07,1, 1.10000E-3, 6.40000E-3,0,0,0,0,0,0,0,0,0,0,0,0
0,岡山H,岡高C,   3.40,1, 2.00000E-4, 2.80000E-3,0,0,0,0,0,0,0,0,0,0,0,0
0,岡山H,岡高C,   3.40,1, 2.00000E-4, 2.80000E-3,0,0,0,0,0,0,0,0,0,0,0,0
0,岡山H,嘉峰#A,   5.88,1, 1.40000E-3, 7.70000E-3,0,0,0,0,0,0,0,0,0,0,0,0
0,社武H,楠梓H,  85.20,1, 2.00000E-4, 1.80000E-3,0,0,0,0,0,0,0,0,0,0,0,0
0,社武H,楠梓H,   5.00,1, 2.00000E-4, 1.80000E-3,0,0,0,0,0,0,0,0,0,0,0,0
0,社武H,屏山H,   1.66,1, 2.00000E-4, 1.50000E-3,0,0,0,0,0,0,0,0,0,0,0,0
0,社武H,屏山H,   1.70,1, 4.00000E-4, 1.50000E-3,0,0,0,0,0,0,0,0,0,0,0,0
0,社武H,煉油C,   2.88,1, 3.00000E-4, 2.50000E-3,0,0,0,0,0,0,0,0,0,0,0,0
0,社武H,煉油C,   2.88,1, 3.00000E-4, 2.50000E-3,0,0,0,0,0,0,0,0,0,0,0,0
0,社武H,龍子H,   6.40,1, 8.00000E-4, 4.60000E-3,0,0,0,0,0,0,0,0,0,0,0,0
0,社武H,龍子H,   6.40,1, 6.00000E-4, 4.50000E-3,0,0,0,0,0,0,0,0,0,0,0,0
0,林園H,加一#A,   6.56,1, 1.20000E-3, 8.00000E-3,0,0,0,0,0,0,0,0,0,0,0,0
0,林園H,加一#B,   6.56,1, 1.20000E-3, 8.00000E-3,0,0,0,0,0,0,0,0,0,0,0,0
0,林園H,中園C,   2.40,1, 2.00000E-4, 1.90000E-3,0,0,0,0,0,0,0,0,0,0,0,0
0,林園H,塑園#A,   0.00,1, 0.00000E+0, 1.00000E-6,0,0,0,0,0,0,0,0,0,0,0,0
0,南工乙H,中鋼二C,   1.24,1, 2.00000E-4, 1.60000E-3,0,0,0,0,0,0,0,0,0,0,0,0
0,南工乙H,中鋼二C,   1.24,1, 2.00000E-4, 1.60000E-3,0,0,0,0,0,0,0,0,0,0,0,0
0,南工乙H,高港丙H,   5.81,1, 1.10000E-3, 7.00000E-3,0,0,0,0,0,0,0,0,0,0,0,0
0,南工乙H,高港丙H,   5.90,1, 1.10000E-3, 7.00000E-3,0,0,0,0,0,0,0,0,0,0,0,0
0,南工乙H,高港丙H,   5.94,1, 1.10000E-3, 7.10000E-3,0,0,0,0,0,0,0,0,0,0,0,0
0,南工乙H,鋼新C,   0.70,1, 1.00000E-4, 3.00000E-4,0,0,0,0,0,0,0,0,0,0,0,0
0,南工乙H,鋼新C,   0.70,1, 1.00000E-4, 3.00000E-4,0,0,0,0,0,0,0,0,0,0,0,0
0,南工甲H,世家C,   1.69,1, 2.00000E-4, 1.40000E-3,0,0,0,0,0,0,0,0,0,0,0,0
0,南工甲H,唐榮#A,   0.00,1, 0.00000E+0, 1.00000E-6,0,0,0,0,0,0,0,0,0,0,0,0
0,南工甲H,中鋁#,   0.00,1, 0.00000E+0, 1.00000E-4,0,0,0,0,0,0,0,0,0,0,0,0
0,屏東H,潮東H,   4.58,1, 7.00000E-4, 5.00000E-3,0,0,0,0,0,0,0,0,0,0,0,0
0,屏東H,潮東H,   4.58,1, 7.00000E-4, 5.00000E-3,0,0,0,0,0,0,0,0,0,0,0,0
0,屏東H,加一H,  26.01,1, 4.60000E-3, 3.39000E-2,0,0,0,0,0,0,0,0,0,0,0,0
0,屏東H,加一H,  26.01,1, 4.60000E-3, 3.39000E-2,0,0,0,0,0,0,0,0,0,0,0,0
0,楓港H,墾丁H,  30.81,1, 1.16000E-2, 5.68000E-2,0,0,0,0,0,0,0,0,0,0,0,0
0,楓港H,大武H,  25.96,1, 1.18000E-2, 4.92000E-2,0,0,0,0,0,0,0,0,0,0,0,0
0,楓港H,大武H,  25.36,1, 1.15000E-2, 4.81000E-2,0,0,0,0,0,0,0,0,0,0,0,0
0,花蓮H,勝安H,   4.10,1, 2.00000E-4, 1.60000E-3,0,0,0,0,0,0,0,0,0,0,0,0
0,花蓮H,勝安H,   4.10,1, 2.00000E-4, 1.60000E-3,0,0,0,0,0,0,0,0,0,0,0,0
0,花蓮H,壽豐#A,  19.89,1, 2.90000E-3, 2.59000E-2,0,0,0,0,0,0,0,0,0,0,0,0
0,花蓮H,壽豐#B,  19.89,1, 2.90000E-3, 2.59000E-2,0,0,0,0,0,0,0,0,0,0,0,0
0,台東H,豐里H,  10.36,1, 1.00000E-3, 8.10000E-3,0,0,0,0,0,0,0,0,0,0,0,0
0,台東H,鹿野H,  15.38,1, 2.30000E-3, 1.97000E-2,0,0,0,0,0,0,0,0,0,0,0,0
0,台東H,鹿野H,  15.38,1, 2.30000E-3, 1.96000E-2,0,0,0,0,0,0,0,0,0,0,0,0
0,台東H,馬蘭H,   7.51,1, 9.00000E-4, 6.90000E-3,0,0,0,0,0,0,0,0,0,0,0,0
0,台東H,知本#A,  12.16,1, 3.30000E-3, 1.70000E-2,0,0,0,0,0,0,0,0,0,0,0,0
0,台東H,知本#B,  12.16,1, 3.30000E-3, 1.70000E-2,0,0,0,0,0,0,0,0,0,0,0,0
0,和仁H,台泥C,   2.40,1, 7.00000E-4, 3.90000E-3,0,0,0,0,0,0,0,0,0,0,0,0
0,和仁H,和鐵C,   3.29,1, 7.00000E-4, 4.00000E-3,0,0,0,0,0,0,0,0,0,0,0,0
0,和仁H,和鐵C,   3.29,1, 7.00000E-4, 4.10000E-3,0,0,0,0,0,0,0,0,0,0,0,0
0,和仁H,碧海H,   8.31,1, 1.20000E-3, 1.08000E-2,0,0,0,0,0,0,0,0,0,0,0,0
0,利澤H,台龍C,   5.10,1, 6.00000E-4, 4.80000E-3,0,0,0,0,0,0,0,0,0,0,0,0
0,利澤H,台龍C,   5.23,1, 5.00000E-4, 4.60000E-3,0,0,0,0,0,0,0,0,0,0,0,0
0,利澤H,利澤#A,   0.00,1, 0.00000E+0, 1.00000E-6,0,0,0,0,0,0,0,0,0,0,0,0
0,員山H,坪林H,  30.29,1, 7.00000E-3, 3.95000E-2,0,0,0,0,0,0,0,0,0,0,0,0
0,員山H,坪林H,  30.29,1, 7.00000E-3, 3.95000E-2,0,0,0,0,0,0,0,0,0,0,0,0
0,員山H,冬山#A,   6.89,1, 1.70000E-3, 8.90000E-3,0,0,0,0,0,0,0,0,0,0,0,0
0,員山H,冬山#B,   6.89,1, 1.60000E-3, 8.90000E-3,0,0,0,0,0,0,0,0,0,0,0,0
0,員山H,宜府H,   5.93,1, 2.00000E-4, 2.30000E-3,0,0,0,0,0,0,0,0,0,0,0,0
0,員山H,宜府H,   5.93,1, 2.00000E-4, 2.40000E-3,0,0,0,0,0,0,0,0,0,0,0,0
0,西湖H,大直H,   1.49,1, 1.00000E-4, 1.20000E-3,0,0,0,0,0,0,0,0,0,0,0,0
0,西湖H,大直H,   1.49,1, 1.00000E-4, 1.20000E-3,0,0,0,0,0,0,0,0,0,0,0,0
0,西湖H,西湖#A,   4.20,1, 3.00000E-4, 3.40000E-3,0,0,0,0,0,0,0,0,0,0,0,0
0,西湖H,西湖#B,   4.20,1, 3.00000E-4, 3.40000E-3,0,0,0,0,0,0,0,0,0,0,0,0
0,西湖H,湖捷C,   0.09,1, 0.00000E+0, 1.00000E-4,0,0,0,0,0,0,0,0,0,0,0,0
0,西湖H,湖捷C,   0.09,1, 0.00000E+0, 1.00000E-4,0,0,0,0,0,0,0,0,0,0,0,0
0,民權H,西湖#A,   2.00,1, 2.00000E-4, 8.00000E-4,0,0,0,0,0,0,0,0,0,0,0,0
0,民權H,西湖#B,   2.00,1, 2.00000E-4, 8.00000E-4,0,0,0,0,0,0,0,0,0,0,0,0
0,八連H,八連#A,   0.62,1, 1.00000E-4, 3.00000E-4,0,0,0,0,0,0,0,0,0,0,0,0
0,八連H,八連#B,   0.62,1, 2.00000E-4, 3.00000E-4,0,0,0,0,0,0,0,0,0,0,0,0
0,八連H,北資H,   1.10,1, 1.00000E-4, 5.00000E-4,0,0,0,0,0,0,0,0,0,0,0,0
0,八連H,北資H,   1.10,1, 1.00000E-4, 5.00000E-4,0,0,0,0,0,0,0,0,0,0,0,0
0,北資H,湖機C,   0.09,1, 0.00000E+0, 1.00000E-4,0,0,0,0,0,0,0,0,0,0,0,0
0,茄苳H,澳底#A,  17.11,1, 3.90000E-3, 2.18000E-2,0,0,0,0,0,0,0,0,0,0,0,0
0,茄苳H,坪林#B,   4.67,1, 1.00000E-3, 5.40000E-3,0,0,0,0,0,0,0,0,0,0,0,0
0,茄苳H,橋東H,   2.10,1, 1.00000E-4, 1.60000E-3,0,0,0,0,0,0,0,0,0,0,0,0
0,坪林H,坪林#A,  16.14,1, 3.70000E-3, 2.12000E-2,0,0,0,0,0,0,0,0,0,0,0,0
0,坪林H,坪林#B,  16.14,1, 3.60000E-3, 2.12000E-2,0,0,0,0,0,0,0,0,0,0,0,0
0,坪林H,宜道C,   1.09,1, 4.00000E-4, 1.50000E-3,0,0,0,0,0,0,0,0,0,0,0,0
0,坪林H,宜道C,   1.09,1, 4.00000E-4, 1.50000E-3,0,0,0,0,0,0,0,0,0,0,0,0
0,澳底H,澳底#B,  15.16,1, 2.20000E-3, 1.97000E-2,0,0,0,0,0,0,0,0,0,0,0,0
0,週美H,八連#B,   4.01,1, 5.00000E-4, 3.50000E-3,0,0,0,0,0,0,0,0,0,0,0,0
0,週美H,八連#A,   4.22,1, 5.00000E-4, 3.70000E-3,0,0,0,0,0,0,0,0,0,0,0,0
0,大直H,博愛C,   1.60,1, 1.20000E-3, 1.40000E-3,0,0,0,0,0,0,0,0,0,0,0,0
0,大直H,博愛C,   1.60,1, 1.20000E-3, 1.40000E-3,0,0,0,0,0,0,0,0,0,0,0,0
0,百齡H,蘭雅H,   4.60,1, 5.00000E-4, 3.90000E-3,0,0,0,0,0,0,0,0,0,0,0,0
0,百齡H,蘭雅#A,   3.98,1, 1.00000E-3, 5.00000E-3,0,0,0,0,0,0,0,0,0,0,0,0
0,百齡H,仙渡H2,   6.63,1, 1.00000E-3, 5.80000E-3,0,0,0,0,0,0,0,0,0,0,0,0
0,蘭雅H,蘭雅#A,   2.80,1, 5.00000E-4, 3.20000E-3,0,0,0,0,0,0,0,0,0,0,0,0
0,蘭雅H,仙渡H2,   7.73,1, 5.70000E-3, 6.80000E-3,0,0,0,0,0,0,0,0,0,0,0,0
0,民生H,榮星#A,   0.00,1, 0.00000E+0, 1.00000E-6,0,0,0,0,0,0,0,0,0,0,0,0
0,榮星H,榮星#A,   3.20,1, 2.00000E-4, 2.70000E-3,0,0,0,0,0,0,0,0,0,0,0,0
0,榮星H,民捷C,   1.47,1, 1.00000E-4, 1.20000E-3,0,0,0,0,0,0,0,0,0,0,0,0
0,長春H,敦化H,   0.53,1, 1.00000E-4, 4.00000E-4,0,0,0,0,0,0,0,0,0,0,0,0
0,長春H,民捷C,   5.47,1, 4.00000E-4, 4.30000E-3,0,0,0,0,0,0,0,0,0,0,0,0
0,長春H,中崙H,   1.50,1, 1.00000E-4, 8.00000E-4,0,0,0,0,0,0,0,0,0,0,0,0
0,基信H,世貿H2,   1.30,1, 1.00000E-4, 5.00000E-4,0,0,0,0,0,0,0,0,0,0,0,0
0,基信H,虎林#B,   1.70,1, 1.00000E-4, 7.00000E-4,0,0,0,0,0,0,0,0,0,0,0,0
0,常德H,華陰#B,   1.80,1, 1.00000E-4, 1.10000E-3,0,0,0,0,0,0,0,0,0,0,0,0
0,常德H,常德#A,   0.00,1, 0.00000E+0, 1.00000E-6,0,0,0,0,0,0,0,0,0,0,0,0
0,華陰H,華陰#A,   0.00,1, 0.00000E+0, 1.00000E-6,0,0,0,0,0,0,0,0,0,0,0,0
0,華陰H,華陰#B,   0.00,1, 0.00000E+0, 1.00000E-6,0,0,0,0,0,0,0,0,0,0,0,0
0,建國H,三張#A,   1.60,1, 1.00000E-4, 1.10000E-3,0,0,0,0,0,0,0,0,0,0,0,0
0,建國H,建國#A,   3.28,1, 5.00000E-4, 3.60000E-3,0,0,0,0,0,0,0,0,0,0,0,0
0,虎林H,虎林#A,   0.28,1, 0.00000E+0, 2.00000E-4,0,0,0,0,0,0,0,0,0,0,0,0
0,虎林H,虎林#B,   0.28,1, 0.00000E+0, 2.00000E-4,0,0,0,0,0,0,0,0,0,0,0,0
0,中正H,興捷#B,   5.30,1, 4.00000E-4, 4.30000E-3,0,0,0,0,0,0,0,0,0,0,0,0
0,中正H,興捷#A,   5.30,1, 4.00000E-4, 4.30000E-3,0,0,0,0,0,0,0,0,0,0,0,0
0,中正H,常德#A,   1.45,1, 1.00000E-4, 1.00000E-3,0,0,0,0,0,0,0,0,0,0,0,0
0,中正H,南海H,   2.60,1, 2.00000E-4, 1.70000E-3,0,0,0,0,0,0,0,0,0,0,0,0
0,青年H,南海H,   1.92,1, 1.00000E-4, 1.60000E-3,0,0,0,0,0,0,0,0,0,0,0,0
0,成都H,城中#A,   0.92,1, 3.00000E-4, 1.00000E-3,0,0,0,0,0,0,0,0,0,0,0,0
0,成都H,城中#B,   0.92,1, 3.00000E-4, 1.00000E-3,0,0,0,0,0,0,0,0,0,0,0,0
0,臥龍H,三張H,   2.40,1, 2.00000E-4, 2.00000E-3,0,0,0,0,0,0,0,0,0,0,0,0
0,臥龍H,臥龍#A,   2.95,1, 6.00000E-4, 2.90000E-3,0,0,0,0,0,0,0,0,0,0,0,0
0,秀朗H,秀朗#A,   1.35,1, 2.00000E-4, 1.30000E-3,0,0,0,0,0,0,0,0,0,0,0,0
0,秀朗H,秀朗#B,   1.35,1, 2.00000E-4, 1.30000E-3,0,0,0,0,0,0,0,0,0,0,0,0
0,三張H,三張#A,   3.70,1, 3.00000E-4, 3.10000E-3,0,0,0,0,0,0,0,0,0,0,0,0
0,大豐H,七張H,   1.40,1, 2.00000E-4, 1.60000E-3,0,0,0,0,0,0,0,0,0,0,0,0
0,大豐H,七張H,   1.40,1, 1.00000E-4, 1.60000E-3,0,0,0,0,0,0,0,0,0,0,0,0
0,大豐H,信南H2,   4.21,1, 3.00000E-4, 3.40000E-3,0,0,0,0,0,0,0,0,0,0,0,0
0,大豐H,秀朗#A,   2.34,1, 4.00000E-4, 1.80000E-3,0,0,0,0,0,0,0,0,0,0,0,0
0,世貿H1,世貿H2,   0.00,1, 0.00000E+0, 1.00000E-6,0,0,0,0,0,0,0,0,0,0,0,0
0,世貿H1,虎林#A,   1.60,1, 1.00000E-4, 8.00000E-4,0,0,0,0,0,0,0,0,0,0,0,0
0,化成H,二重H,   1.00,1, 1.00000E-4, 8.00000E-4,0,0,0,0,0,0,0,0,0,0,0,0
0,化成H,二重H,   1.00,1, 1.00000E-4, 8.00000E-4,0,0,0,0,0,0,0,0,0,0,0,0
0,化成H,頭前H,   0.55,1, 0.00000E+0, 2.00000E-4,0,0,0,0,0,0,0,0,0,0,0,0
0,化成H,頭前H,   0.55,1, 0.00000E+0, 2.00000E-4,0,0,0,0,0,0,0,0,0,0,0,0
0,重新H,重新#B,   3.72,1, 4.00000E-4, 2.90000E-3,0,0,0,0,0,0,0,0,0,0,0,0
0,重新H,重新#A,   3.72,1, 4.00000E-4, 2.90000E-3,0,0,0,0,0,0,0,0,0,0,0,0
0,頂埔H,板城#A,   1.02,1, 1.00000E-4, 7.00000E-4,0,0,0,0,0,0,0,0,0,0,0,0
0,頂埔H,板城#B,   1.02,1, 1.00000E-4, 7.00000E-4,0,0,0,0,0,0,0,0,0,0,0,0
0,信南H2,秀朗#B,   2.96,1, 3.00000E-4, 2.80000E-3,0,0,0,0,0,0,0,0,0,0,0,0
0,信南H2,信南H1,   0.00,1, 0.00000E+0, 1.00000E-6,0,0,0,0,0,0,0,0,0,0,0,0
0,柑園H,隆恩H,   3.40,1, 1.00000E-4, 1.40000E-3,0,0,0,0,0,0,0,0,0,0,0,0
0,柑園H,隆恩H,   3.40,1, 1.00000E-4, 1.40000E-3,0,0,0,0,0,0,0,0,0,0,0,0
0,新民H,景星H,   2.50,1, 3.00000E-4, 2.20000E-3,0,0,0,0,0,0,0,0,0,0,0,0
0,新民H,社后H,   1.62,1, 1.20000E-3, 1.40000E-3,0,0,0,0,0,0,0,0,0,0,0,0
0,新民H,景星H,   2.44,1, 1.80000E-3, 2.20000E-3,0,0,0,0,0,0,0,0,0,0,0,0
0,新民H,社后H,   1.20,1, 9.00000E-4, 1.10000E-3,0,0,0,0,0,0,0,0,0,0,0,0
0,景星H,板城H,   3.00,1, 2.00000E-4, 2.40000E-3,0,0,0,0,0,0,0,0,0,0,0,0
0,景星H,土捷C,   2.50,1, 5.00000E-4, 2.20000E-3,0,0,0,0,0,0,0,0,0,0,0,0
0,景星H,土捷C,   2.50,1, 6.00000E-4, 2.10000E-3,0,0,0,0,0,0,0,0,0,0,0,0
0,隆恩H,介壽H,   9.99,1, 1.70000E-3, 1.17000E-2,0,0,0,0,0,0,0,0,0,0,0,0
0,隆恩H,介壽H,   9.99,1, 1.70000E-3, 1.17000E-2,0,0,0,0,0,0,0,0,0,0,0,0
0,坪頂H,北油C,   6.30,1, 9.00000E-4, 6.80000E-3,0,0,0,0,0,0,0,0,0,0,0,0
0,坪頂H,北油C,   6.30,1, 7.00000E-4, 7.10000E-3,0,0,0,0,0,0,0,0,0,0,0,0
0,迴龍H,新捷#A,   2.08,1, 7.00000E-4, 3.10000E-3,0,0,0,0,0,0,0,0,0,0,0,0
0,迴龍H,新捷#B,   2.08,1, 7.00000E-4, 3.10000E-3,0,0,0,0,0,0,0,0,0,0,0,0
0,南崁H,長安H,   2.40,1, 2.00000E-4, 2.00000E-3,0,0,0,0,0,0,0,0,0,0,0,0
0,南崁H,錦興#A,   4.16,1, 6.00000E-4, 4.00000E-3,0,0,0,0,0,0,0,0,0,0,0,0
0,南崁H,長安H,   2.40,1, 1.00000E-4, 8.00000E-4,0,0,0,0,0,0,0,0,0,0,0,0
0,宏安H,福營H,   1.08,1, 2.00000E-4, 1.30000E-3,0,0,0,0,0,0,0,0,0,0,0,0
0,宏安H,重新#B,   4.24,1, 8.00000E-4, 4.30000E-3,0,0,0,0,0,0,0,0,0,0,0,0
0,興珍H,高新捷C,   1.40,1, 1.00000E-3, 1.20000E-3,0,0,0,0,0,0,0,0,0,0,0,0
0,興珍H,高新捷C,   1.40,1, 1.00000E-3, 1.20000E-3,0,0,0,0,0,0,0,0,0,0,0,0
0,興珍H,興珍#A,   6.00,1, 4.00000E-4, 4.90000E-3,0,0,0,0,0,0,0,0,0,0,0,0
0,興珍H,興珍#B,   6.00,1, 4.00000E-4, 4.90000E-3,0,0,0,0,0,0,0,0,0,0,0,0
0,興珍H,頭前H,   1.62,1, 1.00000E-4, 7.00000E-4,0,0,0,0,0,0,0,0,0,0,0,0
0,板城H,板城#A,   2.83,1, 5.00000E-4, 3.40000E-3,0,0,0,0,0,0,0,0,0,0,0,0
0,板城H,板城#B,   2.83,1, 5.00000E-4, 3.40000E-3,0,0,0,0,0,0,0,0,0,0,0,0
0,樹林H,板城#A,   2.61,1, 2.00000E-4, 1.30000E-3,0,0,0,0,0,0,0,0,0,0,0,0
0,樂善H,林中H,   3.15,1, 2.00000E-4, 1.30000E-3,0,0,0,0,0,0,0,0,0,0,0,0
0,樂善H,華亞C,   0.36,1, 0.00000E+0, 3.00000E-4,0,0,0,0,0,0,0,0,0,0,0,0
0,樂善H,樂善H2,   0.00,1, 0.00000E+0, 1.00000E-6,0,0,0,0,0,0,0,0,0,0,0,0
0,長安H,南興H,   3.40,1, 3.00000E-4, 1.40000E-3,0,0,0,0,0,0,0,0,0,0,0,0
0,長安H,南興H,   3.40,1, 3.00000E-4, 1.40000E-3,0,0,0,0,0,0,0,0,0,0,0,0
0,長安H,錦興C,   1.50,1, 1.00000E-3, 1.20000E-3,0,0,0,0,0,0,0,0,0,0,0,0
0,中大H,興國H,   3.50,1, 2.00000E-4, 1.30000E-3,0,0,0,0,0,0,0,0,0,0,0,0
0,興國H,宋屋H,   6.00,1, 2.00000E-4, 2.10000E-3,0,0,0,0,0,0,0,0,0,0,0,0
0,興國H,忠福H,   3.92,1, 2.00000E-4, 1.30000E-3,0,0,0,0,0,0,0,0,0,0,0,0
0,興國H,忠福H,   3.91,1, 2.00000E-4, 1.30000E-3,0,0,0,0,0,0,0,0,0,0,0,0
0,宋屋H,新光C,   0.24,1, 1.00000E-4, 2.00000E-4,0,0,0,0,0,0,0,0,0,0,0,0
0,忠福H,佳鼎C,   0.81,1, 0.00000E+0, 6.00000E-4,0,0,0,0,0,0,0,0,0,0,0,0
0,富岡H,楊梅#A,   3.09,1, 4.00000E-4, 3.00000E-3,0,0,0,0,0,0,0,0,0,0,0,0
0,富岡H,楊高C,   2.60,1, 2.00000E-4, 2.10000E-3,0,0,0,0,0,0,0,0,0,0,0,0
0,富岡H,楊高#A,   1.10,1, 1.00000E-4, 8.00000E-4,0,0,0,0,0,0,0,0,0,0,0,0
0,富岡H,鐵富#A,   1.55,1, 1.00000E-4, 1.30000E-3,0,0,0,0,0,0,0,0,0,0,0,0
0,榮成H,白玉H,   3.20,1, 2.00000E-4, 1.30000E-3,0,0,0,0,0,0,0,0,0,0,0,0
0,榮成H,白玉H,   3.20,1, 1.00000E-4, 1.10000E-3,0,0,0,0,0,0,0,0,0,0,0,0
0,榮成H,長發H,   6.20,1, 3.00000E-4, 2.20000E-3,0,0,0,0,0,0,0,0,0,0,0,0
0,榮成H,長發H,   6.20,1, 3.00000E-4, 2.10000E-3,0,0,0,0,0,0,0,0,0,0,0,0
0,榮成H,東鋼C,   3.80,1, 3.00000E-4, 3.10000E-3,0,0,0,0,0,0,0,0,0,0,0,0
0,白玉H,保生H,   6.94,1, 5.00000E-4, 2.90000E-3,0,0,0,0,0,0,0,0,0,0,0,0
0,白玉H,保生H,   6.94,1, 5.00000E-4, 2.90000E-3,0,0,0,0,0,0,0,0,0,0,0,0
0,塘尾H,觀威C,   0.17,1, 1.00000E-4, 1.00000E-4,0,0,0,0,0,0,0,0,0,0,0,0
0,東社H,聖亭H,  10.44,1, 2.00000E-3, 1.30000E-2,0,0,0,0,0,0,0,0,0,0,0,0
0,東社H,聖亭H,  10.44,1, 2.00000E-3, 1.30000E-2,0,0,0,0,0,0,0,0,0,0,0,0
0,東社H,中豐H,   5.50,1, 2.00000E-4, 2.00000E-3,0,0,0,0,0,0,0,0,0,0,0,0
0,東社H,中豐H,   5.50,1, 2.00000E-4, 2.10000E-3,0,0,0,0,0,0,0,0,0,0,0,0
0,聖亭H,龍廣C,   0.12,1, 0.00000E+0, 1.00000E-4,0,0,0,0,0,0,0,0,0,0,0,0
0,聖亭H,龍廣C,   0.12,1, 0.00000E+0, 1.00000E-4,0,0,0,0,0,0,0,0,0,0,0,0
0,聖亭H,展茂C,   3.03,1, 3.00000E-4, 2.90000E-3,0,0,0,0,0,0,0,0,0,0,0,0
0,聖亭H,高通C,   1.00,1, 1.00000E-4, 8.00000E-4,0,0,0,0,0,0,0,0,0,0,0,0
0,高揚H,瑞源#A,   5.71,1, 4.00000E-4, 2.40000E-3,0,0,0,0,0,0,0,0,0,0,0,0
0,瑞源H,瑞源#A,   5.40,1, 3.00000E-3, 1.01000E-2,0,0,0,0,0,0,0,0,0,0,0,0
0,瑞源H,瑞源#B,   5.40,1, 2.90000E-3, 1.01000E-2,0,0,0,0,0,0,0,0,0,0,0,0
0,新工H,湖北H,   0.70,1, 1.00000E-4, 2.00000E-4,0,0,0,0,0,0,0,0,0,0,0,0
0,新工H,湖北H,   0.70,1, 1.00000E-4, 2.00000E-4,0,0,0,0,0,0,0,0,0,0,0,0
0,新工H,新工#A,  14.64,1, 1.80000E-3, 1.56000E-2,0,0,0,0,0,0,0,0,0,0,0,0
0,新工H,新工#B,  14.64,1, 1.80000E-3, 1.56000E-2,0,0,0,0,0,0,0,0,0,0,0,0
0,新工H,全懋C,   2.45,1, 2.00000E-4, 2.00000E-3,0,0,0,0,0,0,0,0,0,0,0,0
0,新工H,新崙H,   4.96,1, 3.00000E-4, 4.00000E-3,0,0,0,0,0,0,0,0,0,0,0,0
0,新工H,新崙H,   4.94,1, 3.00000E-4, 4.00000E-3,0,0,0,0,0,0,0,0,0,0,0,0
0,新工H,竹工H,  12.00,1, 9.00000E-4, 4.90000E-3,0,0,0,0,0,0,0,0,0,0,0,0
0,楊梅H1,楊梅H2,   0.00,1, 0.00000E+0, 1.00000E-6,0,0,0,0,0,0,0,0,0,0,0,0
0,楊梅H1,楊梅#B,   6.20,1, 8.00000E-4, 6.20000E-3,0,0,0,0,0,0,0,0,0,0,0,0
0,楊梅D1,楊梅D2,   0.00,1, 0.00000E+0, 1.00000E-6,0,0,0,0,0,0,0,0,0,0,0,0
0,龍顯H,龍映C,   1.91,1, 3.00000E-4, 1.80000E-3,0,0,0,0,0,0,0,0,0,0,0,0
0,龍顯H,龍達C,   0.46,1, 1.00000E-4, 1.00000E-4,0,0,0,0,0,0,0,0,0,0,0,0
0,湖北H,昇陽C,   1.78,1, 1.00000E-4, 1.40000E-3,0,0,0,0,0,0,0,0,0,0,0,0
0,湖北H,竹工H,   8.70,1, 7.00000E-4, 3.60000E-3,0,0,0,0,0,0,0,0,0,0,0,0
0,湖北H,竹工H,   8.70,1, 7.00000E-4, 3.60000E-3,0,0,0,0,0,0,0,0,0,0,0,0
0,楊梅H2,楊梅#A,   6.10,1, 8.00000E-4, 6.40000E-3,0,0,0,0,0,0,0,0,0,0,0,0
0,青溪H#1,桃園H#1,   2.07,1, 2.00000E-4, 1.70000E-3,0,0,0,0,0,0,0,0,0,0,0,0
0,青溪H#1,青溪H#2,   0.00,1, 0.00000E+0, 1.00000E-6,0,0,0,0,0,0,0,0,0,0,0,0
0,青溪D#1,青溪D#2,   0.00,1, 0.00000E+0, 1.00000E-6,0,0,0,0,0,0,0,0,0,0,0,0
0,桃園H#1,鳳鳴H,   1.30,1, 1.00000E-4, 4.00000E-4,0,0,0,0,0,0,0,0,0,0,0,0
0,桃園H#1,桃園H#2,   0.00,1, 0.00000E+0, 1.00000E-6,0,0,0,0,0,0,0,0,0,0,0,0
0,桃園D#1,桃園D#2,   0.00,1, 0.00000E+0, 1.00000E-6,0,0,0,0,0,0,0,0,0,0,0,0
0,鳳鳴H,桃園H#2,   1.30,1, 1.00000E-4, 4.00000E-4,0,0,0,0,0,0,0,0,0,0,0,0
0,公園H,潭後H,   1.75,1, 1.00000E-4, 1.40000E-3,0,0,0,0,0,0,0,0,0,0,0,0
0,公園H,潭後H,   1.75,1, 1.00000E-4, 1.30000E-3,0,0,0,0,0,0,0,0,0,0,0,0
0,公園H,境福H,   4.15,1, 2.00000E-4, 1.40000E-3,0,0,0,0,0,0,0,0,0,0,0,0
0,龍梅H,龍山H,   4.62,1, 6.00000E-4, 4.50000E-3,0,0,0,0,0,0,0,0,0,0,0,0
0,龍梅H,旺五C,   1.01,1, 2.00000E-4, 7.00000E-4,0,0,0,0,0,0,0,0,0,0,0,0
0,龍梅H,聯亞三C,   0.21,1, 1.00000E-4, 1.00000E-4,0,0,0,0,0,0,0,0,0,0,0,0
0,龍梅H,積P4,   2.10,1, 1.00000E-4, 1.40000E-3,0,0,0,0,0,0,0,0,0,0,0,0
0,龍梅H,積P4,   2.10,1, 1.00000E-4, 1.70000E-3,0,0,0,0,0,0,0,0,0,0,0,0
0,營盤H,山佳H,   4.10,1, 4.00000E-4, 3.70000E-3,0,0,0,0,0,0,0,0,0,0,0,0
0,營盤H,頭份H,   5.10,1, 4.00000E-4, 4.20000E-3,0,0,0,0,0,0,0,0,0,0,0,0
0,龍松H,力晶C,   0.96,1, 1.00000E-4, 8.00000E-4,0,0,0,0,0,0,0,0,0,0,0,0
0,龍松H,華三C,   1.92,1, 1.00000E-4, 1.60000E-3,0,0,0,0,0,0,0,0,0,0,0,0
0,龍松H,積十二C,   0.53,1, 0.00000E+0, 4.00000E-4,0,0,0,0,0,0,0,0,0,0,0,0
0,龍松H,聯電C,   0.98,1, 1.00000E-4, 8.00000E-4,0,0,0,0,0,0,0,0,0,0,0,0
0,頂園H,蟠桃H,   4.10,1, 1.00000E-4, 1.60000E-3,0,0,0,0,0,0,0,0,0,0,0,0
0,頂園H,糖科H,   1.30,1, 1.00000E-4, 6.00000E-4,0,0,0,0,0,0,0,0,0,0,0,0
0,頂園H,糖科H,   1.60,1, 1.00000E-4, 6.00000E-4,0,0,0,0,0,0,0,0,0,0,0,0
0,頂園H,頭份H,   6.60,1, 5.00000E-4, 5.40000E-3,0,0,0,0,0,0,0,0,0,0,0,0
0,山佳H,頭份H,   4.24,1, 3.00000E-4, 1.70000E-3,0,0,0,0,0,0,0,0,0,0,0,0
0,蟠桃H,頭份H,   3.05,1, 2.00000E-4, 1.30000E-3,0,0,0,0,0,0,0,0,0,0,0,0
0,六家H,梅湖#A,   9.38,1, 1.00000E-3, 8.50000E-3,0,0,0,0,0,0,0,0,0,0,0,0
0,六家H,梅湖#A,   9.38,1, 1.00000E-3, 8.50000E-3,0,0,0,0,0,0,0,0,0,0,0,0
0,隘口H,新工#A,   7.23,1, 1.70000E-3, 9.00000E-3,0,0,0,0,0,0,0,0,0,0,0,0
0,隘口H,新工#B,   7.23,1, 1.70000E-3, 9.00000E-3,0,0,0,0,0,0,0,0,0,0,0,0
0,糖科H,京元C,   2.30,1, 1.00000E-4, 1.70000E-3,0,0,0,0,0,0,0,0,0,0,0,0
0,糖科H,群創C,   0.76,1, 1.00000E-4, 4.00000E-4,0,0,0,0,0,0,0,0,0,0,0,0
0,糖科H,群創2C,   0.54,1, 1.00000E-4, 3.00000E-4,0,0,0,0,0,0,0,0,0,0,0,0
0,糖科H,群創2C,   0.52,1, 1.00000E-4, 3.00000E-4,0,0,0,0,0,0,0,0,0,0,0,0
0,潭南H,文心H,   5.10,1, 2.00000E-4, 1.80000E-3,0,0,0,0,0,0,0,0,0,0,0,0
0,潭南H,文心H,   5.10,1, 2.00000E-4, 1.80000E-3,0,0,0,0,0,0,0,0,0,0,0,0
0,潭南H,中華#A,   8.27,1, 1.10000E-3, 9.30000E-3,0,0,0,0,0,0,0,0,0,0,0,0
0,文心H,昌平H,   5.10,1, 2.00000E-4, 2.00000E-3,0,0,0,0,0,0,0,0,0,0,0,0
0,文心H,昌平H,   5.10,1, 2.00000E-4, 2.00000E-3,0,0,0,0,0,0,0,0,0,0,0,0
0,文心H,中西H,   4.90,1, 2.00000E-4, 1.70000E-3,0,0,0,0,0,0,0,0,0,0,0,0
0,文心H,中西H,   4.90,1, 2.00000E-4, 1.70000E-3,0,0,0,0,0,0,0,0,0,0,0,0
0,豐原H,大雅H,   8.50,1, 3.00000E-4, 3.00000E-3,0,0,0,0,0,0,0,0,0,0,0,0
0,豐原H,大雅H,   8.50,1, 3.00000E-4, 3.10000E-3,0,0,0,0,0,0,0,0,0,0,0,0
0,豐原H,卓蘭#B,   9.80,1, 1.50000E-3, 1.07000E-2,0,0,0,0,0,0,0,0,0,0,0,0
0,大雅H,潭寶H,   3.63,1, 1.00000E-4, 9.00000E-4,0,0,0,0,0,0,0,0,0,0,0,0
0,大雅H,潭寶H,   3.63,1, 1.00000E-4, 9.00000E-4,0,0,0,0,0,0,0,0,0,0,0,0
0,潭寶H,昌平H,   3.10,1, 3.00000E-4, 2.40000E-3,0,0,0,0,0,0,0,0,0,0,0,0
0,潭寶H,昌平H,   3.10,1, 3.00000E-4, 2.40000E-3,0,0,0,0,0,0,0,0,0,0,0,0
0,潭寶H,矽品二C,   3.30,1, 2.00000E-4, 2.80000E-3,0,0,0,0,0,0,0,0,0,0,0,0
0,昌平H,水湳H,   5.00,1, 2.00000E-4, 1.90000E-3,0,0,0,0,0,0,0,0,0,0,0,0
0,塗城H,中華#A,  11.40,1, 1.50000E-3, 1.31000E-2,0,0,0,0,0,0,0,0,0,0,0,0
0,塗城H,十甲#A,  11.10,1, 1.50000E-3, 1.27000E-2,0,0,0,0,0,0,0,0,0,0,0,0
0,塗城H,建平H,   2.27,1, 1.00000E-4, 9.00000E-4,0,0,0,0,0,0,0,0,0,0,0,0
0,塗城H,建平H,   2.27,1, 1.00000E-4, 9.00000E-4,0,0,0,0,0,0,0,0,0,0,0,0
0,十甲H,太平H,   1.13,1, 1.00000E-4, 5.00000E-4,0,0,0,0,0,0,0,0,0,0,0,0
0,十甲H,太平H,   1.13,1, 1.00000E-4, 5.00000E-4,0,0,0,0,0,0,0,0,0,0,0,0
0,十甲H,十甲#A,   7.02,1, 7.00000E-4, 4.70000E-3,0,0,0,0,0,0,0,0,0,0,0,0
0,十甲H,德義H,   3.09,1, 5.00000E-4, 5.20000E-3,0,0,0,0,0,0,0,0,0,0,0,0
0,茄荖H,茄荖#A,   9.90,1, 1.70000E-3, 1.29000E-2,0,0,0,0,0,0,0,0,0,0,0,0
0,茄荖H,茄荖#B,   9.90,1, 1.70000E-3, 1.29000E-2,0,0,0,0,0,0,0,0,0,0,0,0
0,中華H,中華#A,   7.90,1, 8.00000E-4, 5.90000E-3,0,0,0,0,0,0,0,0,0,0,0,0
0,中華H,中西H,   2.50,1, 3.00000E-4, 2.00000E-3,0,0,0,0,0,0,0,0,0,0,0,0
0,中華H,中西H,   2.50,1, 5.00000E-4, 2.50000E-3,0,0,0,0,0,0,0,0,0,0,0,0
0,中華H,德義H,   5.20,1, 4.00000E-4, 4.30000E-3,0,0,0,0,0,0,0,0,0,0,0,0
0,水湳H,黎明H,   5.30,1, 3.90000E-3, 4.70000E-3,0,0,0,0,0,0,0,0,0,0,0,0
0,水湳H,忠明H,   2.50,1, 3.00000E-4, 2.00000E-3,0,0,0,0,0,0,0,0,0,0,0,0
0,太平H,建平H,   4.20,1, 3.00000E-4, 1.70000E-3,0,0,0,0,0,0,0,0,0,0,0,0
0,太平H,建平H,   4.20,1, 3.00000E-4, 1.70000E-3,0,0,0,0,0,0,0,0,0,0,0,0
0,黎明H,國安H,   5.40,1, 5.00000E-4, 4.50000E-3,0,0,0,0,0,0,0,0,0,0,0,0
0,黎明H,國安H,   5.40,1, 5.00000E-4, 4.50000E-3,0,0,0,0,0,0,0,0,0,0,0,0
0,黎明H,忠明H,   3.10,1, 3.00000E-4, 2.40000E-3,0,0,0,0,0,0,0,0,0,0,0,0
0,黎明H,中高C,   2.62,1, 2.00000E-4, 2.10000E-3,0,0,0,0,0,0,0,0,0,0,0,0
0,黎明H,中高C,   2.62,1, 2.00000E-4, 2.10000E-3,0,0,0,0,0,0,0,0,0,0,0,0
0,國安H,中科H1,   1.10,1, 1.00000E-4, 5.00000E-4,0,0,0,0,0,0,0,0,0,0,0,0
0,國安H,中科H1,   1.10,1, 1.00000E-4, 5.00000E-4,0,0,0,0,0,0,0,0,0,0,0,0
0,國安H,中港#A,   6.17,1, 5.00000E-4, 2.50000E-3,0,0,0,0,0,0,0,0,0,0,0,0
0,國安H,中港#B,   6.17,1, 5.00000E-4, 2.50000E-3,0,0,0,0,0,0,0,0,0,0,0,0
0,工甲H,工乙H,   1.20,1, 1.00000E-4, 4.00000E-4,0,0,0,0,0,0,0,0,0,0,0,0
0,工甲H,工乙H,   1.20,1, 1.00000E-4, 4.00000E-4,0,0,0,0,0,0,0,0,0,0,0,0
0,忠明H,英才H,   3.20,1, 2.00000E-4, 2.50000E-3,0,0,0,0,0,0,0,0,0,0,0,0
0,英才H,南屯H,   0.99,1, 1.00000E-4, 8.00000E-4,0,0,0,0,0,0,0,0,0,0,0,0
0,豐樂H,烏日H,   4.70,1, 3.00000E-4, 3.90000E-3,0,0,0,0,0,0,0,0,0,0,0,0
0,豐樂H,南屯H,   2.68,1, 2.00000E-4, 2.20000E-3,0,0,0,0,0,0,0,0,0,0,0,0
0,豐樂H,南屯H,   2.68,1, 2.00000E-4, 2.20000E-3,0,0,0,0,0,0,0,0,0,0,0,0
0,烏日H,學田H,   3.70,1, 4.00000E-4, 3.10000E-3,0,0,0,0,0,0,0,0,0,0,0,0
0,烏日H,學田H,   3.70,1, 3.00000E-4, 2.90000E-3,0,0,0,0,0,0,0,0,0,0,0,0
0,烏日H,日高C,   2.85,1, 3.00000E-4, 2.90000E-3,0,0,0,0,0,0,0,0,0,0,0,0
0,南屯H,德義H,   3.04,1, 3.00000E-4, 2.80000E-3,0,0,0,0,0,0,0,0,0,0,0,0
0,南屯H,德義H,   3.04,1, 3.00000E-4, 2.80000E-3,0,0,0,0,0,0,0,0,0,0,0,0
0,外埔H,月眉#A,   8.59,1, 1.20000E-3, 9.90000E-3,0,0,0,0,0,0,0,0,0,0,0,0
0,外埔H,后里東H,  10.27,1, 8.00000E-4, 4.60000E-3,0,0,0,0,0,0,0,0,0,0,0,0
0,外埔H,后里東H,  10.29,1, 8.00000E-4, 4.60000E-3,0,0,0,0,0,0,0,0,0,0,0,0
0,港工H,海尾H,   1.98,1, 1.00000E-4, 6.00000E-4,0,0,0,0,0,0,0,0,0,0,0,0
0,港工H,中龍C,   3.60,1, 3.00000E-4, 1.50000E-3,0,0,0,0,0,0,0,0,0,0,0,0
0,港工H,中龍C,   3.60,1, 2.00000E-4, 2.70000E-3,0,0,0,0,0,0,0,0,0,0,0,0
0,港工H,達晶#A,   0.00,1, 0.00000E+0, 1.00000E-4,0,0,0,0,0,0,0,0,0,0,0,0
0,航太H,茂德四C,   2.00,1, 2.00000E-4, 1.40000E-3,0,0,0,0,0,0,0,0,0,0,0,0
0,航太H,華十二C,   1.70,1, 1.00000E-4, 1.40000E-3,0,0,0,0,0,0,0,0,0,0,0,0
0,航太H,中科H2,   5.10,1, 4.00000E-4, 2.10000E-3,0,0,0,0,0,0,0,0,0,0,0,0
0,航太H,中科H2,   5.20,1, 4.00000E-4, 2.10000E-3,0,0,0,0,0,0,0,0,0,0,0,0
0,線西H,彰濱H2,   3.20,1, 2.00000E-4, 1.20000E-3,0,0,0,0,0,0,0,0,0,0,0,0
0,線西H,彰濱H2,   3.20,1, 1.00000E-4, 1.20000E-3,0,0,0,0,0,0,0,0,0,0,0,0
0,線西H,彰風二C,   0.20,1, 0.00000E+0, 1.00000E-4,0,0,0,0,0,0,0,0,0,0,0,0
0,線西H,寶德C,   1.00,1, 1.00000E-4, 8.00000E-4,0,0,0,0,0,0,0,0,0,0,0,0
0,線西H,寶德C,   1.00,1, 1.00000E-4, 8.00000E-4,0,0,0,0,0,0,0,0,0,0,0,0
0,鹿東H,彰濱H2,   7.47,1, 1.10000E-3, 9.70000E-3,0,0,0,0,0,0,0,0,0,0,0,0
0,鹿東H,彰濱H2,   7.47,1, 1.10000E-3, 9.70000E-3,0,0,0,0,0,0,0,0,0,0,0,0
0,鹿東H,鹿西H,   3.47,1, 2.00000E-4, 1.20000E-3,0,0,0,0,0,0,0,0,0,0,0,0
0,鹿東H,鹿西H,   3.47,1, 3.00000E-4, 1.40000E-3,0,0,0,0,0,0,0,0,0,0,0,0
0,鹿東H,台鹿C,   2.00,1, 2.00000E-4, 1.70000E-3,0,0,0,0,0,0,0,0,0,0,0,0
0,鹿東H,鹿英C,   0.50,1, 0.00000E+0, 4.00000E-4,0,0,0,0,0,0,0,0,0,0,0,0
0,漢寶H,福興H,  13.20,1, 9.00000E-4, 1.08000E-2,0,0,0,0,0,0,0,0,0,0,0,0
0,漢寶H,草港#B,  19.21,1, 1.30000E-3, 1.30000E-2,0,0,0,0,0,0,0,0,0,0,0,0
0,漢寶H,王功風C,   0.13,1, 1.00000E-4, 1.00000E-4,0,0,0,0,0,0,0,0,0,0,0,0
0,草港H,草港#A,   2.99,1, 4.00000E-4, 2.70000E-3,0,0,0,0,0,0,0,0,0,0,0,0
0,草港H,草港#B,   2.99,1, 4.00000E-4, 2.70000E-3,0,0,0,0,0,0,0,0,0,0,0,0
0,彰新H,彰新#A,   2.03,1, 2.00000E-4, 1.80000E-3,0,0,0,0,0,0,0,0,0,0,0,0
0,彰新H,彰新#B,   2.03,1, 2.00000E-4, 1.90000E-3,0,0,0,0,0,0,0,0,0,0,0,0
0,彰新H,台化C,   4.00,1, 4.00000E-4, 3.10000E-3,0,0,0,0,0,0,0,0,0,0,0,0
0,彰新H,矽彰C,   0.57,1, 1.00000E-4, 5.00000E-4,0,0,0,0,0,0,0,0,0,0,0,0
0,大霞H,彰新#B,   3.24,1, 2.00000E-4, 1.50000E-3,0,0,0,0,0,0,0,0,0,0,0,0
0,福興H,草港#A,  16.82,1, 1.50000E-3, 1.21000E-2,0,0,0,0,0,0,0,0,0,0,0,0
0,員東H,員林H,   4.25,1, 3.00000E-4, 3.50000E-3,0,0,0,0,0,0,0,0,0,0,0,0
0,員東H,員林H,   4.25,1, 3.00000E-4, 3.50000E-3,0,0,0,0,0,0,0,0,0,0,0,0
0,員東H,花壇H,  11.30,1, 1.60000E-3, 1.40000E-2,0,0,0,0,0,0,0,0,0,0,0,0
0,員東H,花壇H,  11.30,1, 1.60000E-3, 1.40000E-2,0,0,0,0,0,0,0,0,0,0,0,0
0,台西H,雲高#B,  33.94,1, 4.40000E-3, 4.10000E-2,0,0,0,0,0,0,0,0,0,0,0,0
0,四湖H,湖風C,   0.13,1, 1.00000E-4, 1.00000E-4,0,0,0,0,0,0,0,0,0,0,0,0
0,下營H,威致#A,  10.37,1, 1.40000E-3, 1.24000E-2,0,0,0,0,0,0,0,0,0,0,0,0
0,虎菁H,虎科H,   8.55,1, 4.00000E-4, 3.00000E-3,0,0,0,0,0,0,0,0,0,0,0,0
0,虎菁H,虎科H,   8.55,1, 4.00000E-4, 3.00000E-3,0,0,0,0,0,0,0,0,0,0,0,0
0,虎菁H,斗南H,   5.49,1, 5.00000E-4, 3.70000E-3,0,0,0,0,0,0,0,0,0,0,0,0
0,虎菁H,斗南H,   5.49,1, 5.00000E-4, 3.70000E-3,0,0,0,0,0,0,0,0,0,0,0,0
0,榴中H,斗工H,   2.10,1, 1.00000E-4, 8.00000E-4,0,0,0,0,0,0,0,0,0,0,0,0
0,榴中H,斗工H,   2.10,1, 1.00000E-4, 8.00000E-4,0,0,0,0,0,0,0,0,0,0,0,0
0,北回H,仁愛H,   4.65,1, 2.00000E-4, 1.90000E-3,0,0,0,0,0,0,0,0,0,0,0,0
0,北回H,仁愛H,   4.65,1, 2.00000E-4, 1.90000E-3,0,0,0,0,0,0,0,0,0,0,0,0
0,北回H,太鐵H,  16.60,1, 6.00000E-4, 6.30000E-3,0,0,0,0,0,0,0,0,0,0,0,0
0,北回H,太鐵H,  16.60,1, 6.00000E-4, 6.40000E-3,0,0,0,0,0,0,0,0,0,0,0,0
0,斗工H,富喬C,   0.99,1, 1.00000E-4, 9.00000E-4,0,0,0,0,0,0,0,0,0,0,0,0
0,北勢H,斗南H,   8.00,1, 6.00000E-4, 3.30000E-3,0,0,0,0,0,0,0,0,0,0,0,0
0,北勢H,旭硝子C,   0.20,1, 1.00000E-4, 1.00000E-4,0,0,0,0,0,0,0,0,0,0,0,0
0,北勢H,旭硝子C,   0.20,1, 0.00000E+0, 2.00000E-4,0,0,0,0,0,0,0,0,0,0,0,0
0,柳營H,新高C,   0.13,1, 0.00000E+0, 1.00000E-4,0,0,0,0,0,0,0,0,0,0,0,0
0,柳營H,新高#A,   0.00,1, 0.00000E+0, 1.00000E-6,0,0,0,0,0,0,0,0,0,0,0,0
0,鹽行H,豐華#B,   7.68,1, 1.10000E-3, 1.00000E-2,0,0,0,0,0,0,0,0,0,0,0,0
0,新化H,新化#A,   2.50,1, 4.00000E-4, 3.20000E-3,0,0,0,0,0,0,0,0,0,0,0,0
0,新化H,新化#B,   2.50,1, 4.00000E-4, 3.20000E-3,0,0,0,0,0,0,0,0,0,0,0,0
0,新化H,統實#A,   0.06,1, 0.00000E+0, 1.00000E-4,0,0,0,0,0,0,0,0,0,0,0,0
0,和順H,新化#A,   4.70,1, 5.00000E-4, 4.30000E-3,0,0,0,0,0,0,0,0,0,0,0,0
0,三竹H,豐華H,   2.27,1, 4.00000E-4, 2.70000E-3,0,0,0,0,0,0,0,0,0,0,0,0
0,三竹H,豐華H,   2.28,1, 4.00000E-4, 2.70000E-3,0,0,0,0,0,0,0,0,0,0,0,0
0,三竹H,奇晶二C,   0.60,1, 1.00000E-4, 5.00000E-4,0,0,0,0,0,0,0,0,0,0,0,0
0,三竹H,和鑫C,   1.78,1, 2.00000E-4, 1.00000E-3,0,0,0,0,0,0,0,0,0,0,0,0
0,三竹H,奇晶五,   0.93,1, 1.00000E-4, 6.00000E-4,0,0,0,0,0,0,0,0,0,0,0,0
0,三竹H,聯電三C,   1.02,1, 1.00000E-4, 8.00000E-4,0,0,0,0,0,0,0,0,0,0,0,0
0,豐華H,豐華#A,  20.05,1, 2.80000E-3, 2.46000E-2,0,0,0,0,0,0,0,0,0,0,0,0
0,豐華H,豐華#B,  20.04,1, 2.80000E-3, 2.45000E-2,0,0,0,0,0,0,0,0,0,0,0,0
0,豐華H,奇晶一C,   1.45,1, 1.00000E-4, 8.00000E-4,0,0,0,0,0,0,0,0,0,0,0,0
0,豐華H,奇晶四C,   0.28,1, 0.00000E+0, 2.00000E-4,0,0,0,0,0,0,0,0,0,0,0,0
0,南濱H,凸版C,   1.80,1, 2.00000E-4, 1.30000E-3,0,0,0,0,0,0,0,0,0,0,0,0
0,南濱H,鹿耳H,   3.14,1, 2.00000E-4, 1.30000E-3,0,0,0,0,0,0,0,0,0,0,0,0
0,南濱H,鹿耳H,   3.14,1, 2.00000E-4, 1.30000E-3,0,0,0,0,0,0,0,0,0,0,0,0
0,南濱H,安瀚C,   1.30,1, 1.00000E-4, 1.10000E-3,0,0,0,0,0,0,0,0,0,0,0,0
0,仁德H,二甲H,   5.80,1, 2.00000E-4, 2.10000E-3,0,0,0,0,0,0,0,0,0,0,0,0
0,仁德H,二甲H,   5.80,1, 2.00000E-4, 2.10000E-3,0,0,0,0,0,0,0,0,0,0,0,0
0,延平H,忠孝H,   4.01,1, 3.00000E-4, 3.30000E-3,0,0,0,0,0,0,0,0,0,0,0,0
0,嘉峰H,岡工H,   4.01,1, 5.00000E-4, 4.60000E-3,0,0,0,0,0,0,0,0,0,0,0,0
0,嘉峰H,燁聯#A,   0.54,1, 1.00000E-4, 7.00000E-4,0,0,0,0,0,0,0,0,0,0,0,0
0,嘉峰H,嘉峰#A,   1.42,1, 2.00000E-4, 1.80000E-3,0,0,0,0,0,0,0,0,0,0,0,0
0,嘉峰H,岡工H,   4.02,1, 6.00000E-4, 4.60000E-3,0,0,0,0,0,0,0,0,0,0,0,0
0,嘉峰H,嘉峰#B,   1.39,1, 2.00000E-4, 1.80000E-3,0,0,0,0,0,0,0,0,0,0,0,0
0,北嶺H,岡工H,   0.85,1, 1.00000E-4, 3.00000E-4,0,0,0,0,0,0,0,0,0,0,0,0
0,北嶺H,岡工H,   0.85,1, 1.00000E-4, 3.00000E-4,0,0,0,0,0,0,0,0,0,0,0,0
0,北嶺H,竹嶺H,   1.70,1, 1.00000E-4, 6.00000E-4,0,0,0,0,0,0,0,0,0,0,0,0
0,北嶺H,竹嶺H,   1.70,1, 1.00000E-4, 6.00000E-4,0,0,0,0,0,0,0,0,0,0,0,0
0,二甲H,二甲#A,  10.16,1, 1.30000E-3, 1.06000E-2,0,0,0,0,0,0,0,0,0,0,0,0
0,二甲H,二甲#B,  10.16,1, 1.30000E-3, 1.06000E-2,0,0,0,0,0,0,0,0,0,0,0,0
0,二甲H,奇美實C,   3.74,1, 3.00000E-4, 3.20000E-3,0,0,0,0,0,0,0,0,0,0,0,0
0,二甲H,奇美實C,   3.74,1, 3.00000E-4, 3.20000E-3,0,0,0,0,0,0,0,0,0,0,0,0
0,岡工H,岡資C,   0.55,1, 0.00000E+0, 4.00000E-4,0,0,0,0,0,0,0,0,0,0,0,0
0,路園H,嘉峰#A,   6.09,1, 1.10000E-3, 7.90000E-3,0,0,0,0,0,0,0,0,0,0,0,0
0,楠梓H,加昌H,   4.00,1, 3.00000E-4, 1.60000E-3,0,0,0,0,0,0,0,0,0,0,0,0
0,楠梓H,加昌H,   4.00,1, 3.00000E-4, 1.60000E-3,0,0,0,0,0,0,0,0,0,0,0,0
0,楠梓H,嘉峰#B,  14.05,1, 2.70000E-3, 1.56000E-2,0,0,0,0,0,0,0,0,0,0,0,0
0,加昌H,北營H,   4.30,1, 3.00000E-4, 1.80000E-3,0,0,0,0,0,0,0,0,0,0,0,0
0,加昌H,北營H,   4.30,1, 3.00000E-4, 1.80000E-3,0,0,0,0,0,0,0,0,0,0,0,0
0,加昌H,仕豐H,   3.50,1, 2.00000E-4, 1.40000E-3,0,0,0,0,0,0,0,0,0,0,0,0
0,加昌H,仕豐H,   3.50,1, 2.00000E-4, 1.40000E-3,0,0,0,0,0,0,0,0,0,0,0,0
0,北營H,屏山H,   4.40,1, 3.00000E-4, 3.40000E-3,0,0,0,0,0,0,0,0,0,0,0,0
0,北營H,屏山H,   4.40,1, 3.00000E-4, 3.50000E-3,0,0,0,0,0,0,0,0,0,0,0,0
0,屏山H,左高C,   1.10,1, 1.00000E-4, 9.00000E-4,0,0,0,0,0,0,0,0,0,0,0,0
0,美山H,鳳山H,   2.45,1, 2.00000E-4, 2.00000E-3,0,0,0,0,0,0,0,0,0,0,0,0
0,美山H,鳳山H,   2.48,1, 2.00000E-4, 2.00000E-3,0,0,0,0,0,0,0,0,0,0,0,0
0,美山H,同盟H,   8.80,1, 3.00000E-4, 6.90000E-3,0,0,0,0,0,0,0,0,0,0,0,0
0,美山H,同盟H,   8.80,1, 5.00000E-4, 6.70000E-3,0,0,0,0,0,0,0,0,0,0,0,0
0,美山H,美山#A,   0.08,1, 0.00000E+0, 1.00000E-4,0,0,0,0,0,0,0,0,0,0,0,0
0,美山H,美山#B,   0.08,1, 0.00000E+0, 1.00000E-4,0,0,0,0,0,0,0,0,0,0,0,0
0,美山H,九曲H,   8.20,1, 3.00000E-4, 3.30000E-3,0,0,0,0,0,0,0,0,0,0,0,0
0,美山H,九曲H,   8.20,1, 3.00000E-4, 3.30000E-3,0,0,0,0,0,0,0,0,0,0,0,0
0,三民H,鎮北H,   5.50,1, 4.00000E-4, 4.10000E-3,0,0,0,0,0,0,0,0,0,0,0,0
0,三民H,鎮北H,   5.50,1, 4.00000E-4, 4.10000E-3,0,0,0,0,0,0,0,0,0,0,0,0
0,鎮北H,中島H,   1.25,1, 1.00000E-4, 3.00000E-4,0,0,0,0,0,0,0,0,0,0,0,0
0,鎮北H,中島H,   1.25,1, 1.00000E-4, 3.00000E-4,0,0,0,0,0,0,0,0,0,0,0,0
0,鎮北H,統正C,   1.27,1, 1.00000E-4, 7.00000E-4,0,0,0,0,0,0,0,0,0,0,0,0
0,中島H,中加H,   0.20,1, 0.00000E+0, 2.00000E-4,0,0,0,0,0,0,0,0,0,0,0,0
0,中島H,中加H,   0.20,1, 0.00000E+0, 2.00000E-4,0,0,0,0,0,0,0,0,0,0,0,0
0,凱旋H,捷三C,   1.40,1, 2.00000E-4, 9.00000E-4,0,0,0,0,0,0,0,0,0,0,0,0
0,凱旋H,捷三C,   1.40,1, 2.00000E-4, 8.00000E-4,0,0,0,0,0,0,0,0,0,0,0,0
0,臨海H,捷一C,   1.50,1, 1.00000E-4, 1.00000E-3,0,0,0,0,0,0,0,0,0,0,0,0
0,臨海H,捷一C,   1.50,1, 1.00000E-4, 1.00000E-3,0,0,0,0,0,0,0,0,0,0,0,0
0,過埤H,鳳農H,   0.92,1, 1.00000E-4, 4.00000E-4,0,0,0,0,0,0,0,0,0,0,0,0
0,過埤H,鳳農H,   0.92,1, 1.00000E-4, 4.00000E-4,0,0,0,0,0,0,0,0,0,0,0,0
0,過埤H,鳳農H,   1.40,1, 2.00000E-4, 1.00000E-3,0,0,0,0,0,0,0,0,0,0,0,0
0,西屏H,加一H,   8.79,1, 6.00000E-4, 5.60000E-3,0,0,0,0,0,0,0,0,0,0,0,0
0,西屏H,加一H,   8.79,1, 7.00000E-4, 5.60000E-3,0,0,0,0,0,0,0,0,0,0,0,0
0,西屏H,南屏H,   3.10,1, 1.00000E-4, 1.30000E-3,0,0,0,0,0,0,0,0,0,0,0,0
0,西屏H,南屏H,   3.10,1, 1.00000E-4, 1.30000E-3,0,0,0,0,0,0,0,0,0,0,0,0
0,加一H,加一#A,  10.41,1, 1.60000E-3, 1.35000E-2,0,0,0,0,0,0,0,0,0,0,0,0
0,加一H,加一#B,  10.41,1, 1.60000E-3, 1.35000E-2,0,0,0,0,0,0,0,0,0,0,0,0
0,加一H,福太C,   0.60,1, 0.00000E+0, 2.00000E-4,0,0,0,0,0,0,0,0,0,0,0,0
0,加一H,福太C,   0.60,1, 0.00000E+0, 2.00000E-4,0,0,0,0,0,0,0,0,0,0,0,0
0,知本H,知本#A,   1.95,1, 2.00000E-4, 1.70000E-3,0,0,0,0,0,0,0,0,0,0,0,0
0,知本H,知本#B,   1.95,1, 2.00000E-4, 1.70000E-3,0,0,0,0,0,0,0,0,0,0,0,0
0,大武H,知本#A,  44.09,1, 1.20000E-2, 6.29000E-2,0,0,0,0,0,0,0,0,0,0,0,0
0,大武H,知本#B,  43.81,1, 1.19000E-2, 6.14000E-2,0,0,0,0,0,0,0,0,0,0,0,0
0,池上H,鹿野H,  29.60,1, 4.30000E-3, 3.77000E-2,0,0,0,0,0,0,0,0,0,0,0,0
0,池上H,玉里H,  30.93,1, 4.50000E-3, 3.92000E-2,0,0,0,0,0,0,0,0,0,0,0,0
0,豐里H,馬蘭H,   3.40,1, 2.00000E-4, 1.70000E-3,0,0,0,0,0,0,0,0,0,0,0,0
0,鹿野H,東成H,  49.51,1, 7.10000E-3, 6.37000E-2,0,0,0,0,0,0,0,0,0,0,0,0
0,瑞源#B,石門#A,   1.49,1, 7.00000E-4, 2.80000E-3,0,0,0,0,0,0,0,0,0,0,0,0
0,重新#A,頭前H,   3.85,1, 5.00000E-4, 2.80000E-3,0,0,0,0,0,0,0,0,0,0,0,0
0,板城#B,豐林#A,   2.74,1, 6.00000E-4, 3.60000E-3,0,0,0,0,0,0,0,0,0,0,0,0
0,錦興#A,錦興C,   0.05,1, 0.00000E+0, 1.00000E-4,0,0,0,0,0,0,0,0,0,0,0,0
0,豐林#A,豐林H,   1.39,1, 7.00000E-4, 2.60000E-3,0,0,0,0,0,0,0,0,0,0,0,0
0,苗高#A,苗英#A,   2.53,1, 4.00000E-4, 3.30000E-3,0,0,0,0,0,0,0,0,0,0,0,0
0,苗高#A,苗高C,   0.95,1, 2.00000E-4, 1.10000E-3,0,0,0,0,0,0,0,0,0,0,0,0
0,苗英#A,東和C,   0.03,1, 0.00000E+0, 1.00000E-4,0,0,0,0,0,0,0,0,0,0,0,0
0,苗英#A,苗英C,   0.02,1, 0.00000E+0, 1.00000E-4,0,0,0,0,0,0,0,0,0,0,0,0
0,苗英#A,龍港C,   4.00,1, 6.00000E-4, 4.60000E-3,0,0,0,0,0,0,0,0,0,0,0,0
0,苗栗#A,房裡H,  48.10,1, 8.30000E-3, 5.86000E-2,0,0,0,0,0,0,0,0,0,0,0,0
0,苗栗#B,銅中H,  18.61,1, 3.50000E-3, 2.34000E-2,0,0,0,0,0,0,0,0,0,0,0,0
0,月眉#A,豐鋼C,   1.49,1, 2.00000E-4, 1.90000E-3,0,0,0,0,0,0,0,0,0,0,0,0
0,月眉#A,月眉C,   0.94,1, 1.00000E-4, 9.00000E-4,0,0,0,0,0,0,0,0,0,0,0,0
0,草港#A,彰濱H2,   1.33,1, 2.00000E-4, 1.60000E-3,0,0,0,0,0,0,0,0,0,0,0,0
0,草港#B,彰濱H2,   1.33,1, 2.00000E-4, 1.60000E-3,0,0,0,0,0,0,0,0,0,0,0,0
0,威致#A,威致C,   0.34,1, 1.00000E-4, 6.00000E-4,0,0,0,0,0,0,0,0,0,0,0,0
0,威致#A,官田鋼C,   1.44,1, 3.00000E-4, 1.70000E-3,0,0,0,0,0,0,0,0,0,0,0,0
0,雲高#A,雲高C,   7.60,1, 1.00000E-3, 8.60000E-3,0,0,0,0,0,0,0,0,0,0,0,0
0,雲高#B,雲高C,   7.60,1, 1.00000E-3, 8.60000E-3,0,0,0,0,0,0,0,0,0,0,0,0
0,新化#A,道爺H,   4.57,1, 6.00000E-4, 4.90000E-3,0,0,0,0,0,0,0,0,0,0,0,0
0,新化#B,道爺H,   4.57,1, 6.00000E-4, 4.90000E-3,0,0,0,0,0,0,0,0,0,0,0,0
0,統實#A,統實C,   3.10,1, 2.00000E-4, 2.50000E-3,0,0,0,0,0,0,0,0,0,0,0,0
0,統實#A,永資C,   2.49,1, 4.00000E-4, 3.20000E-3,0,0,0,0,0,0,0,0,0,0,0,0
0,燁聯#A,燁聯C,   0.16,1, 0.00000E+0, 2.00000E-4,0,0,0,0,0,0,0,0,0,0,0,0
0,燁聯#A,鴻熱C,   0.20,1, 0.00000E+0, 3.00000E-4,0,0,0,0,0,0,0,0,0,0,0,0
0,利焚C,利澤#A,   0.75,1, 1.00000E-4, 6.00000E-4,0,0,0,0,0,0,0,0,0,0,0,0
0,義捷C,南港#A,   1.60,1, 3.00000E-4, 1.50000E-3,0,0,0,0,0,0,0,0,0,0,0,0
0,投捷C,仙渡H1,   1.75,1, 8.00000E-4, 1.70000E-3,0,0,0,0,0,0,0,0,0,0,0,0
0,投捷C,仙渡H1,   1.75,1, 8.00000E-4, 1.70000E-3,0,0,0,0,0,0,0,0,0,0,0,0
0,華捷C,華陰#A,   0.19,1, 0.00000E+0, 2.00000E-4,0,0,0,0,0,0,0,0,0,0,0,0
0,華捷C,華捷#,   0.00,1, 0.00000E+0, 1.00000E-6,0,0,0,0,0,0,0,0,0,0,0,0
0,興捷C,興捷#B,   0.27,1, 0.00000E+0, 1.00000E-4,0,0,0,0,0,0,0,0,0,0,0,0
0,興捷C,興捷#A,   0.27,1, 0.00000E+0, 1.00000E-4,0,0,0,0,0,0,0,0,0,0,0,0
0,秀捷C,信南H1,   0.19,1, 1.00000E-4, 2.00000E-4,0,0,0,0,0,0,0,0,0,0,0,0
0,秀捷C,信南H1,   0.19,1, 1.00000E-4, 2.00000E-4,0,0,0,0,0,0,0,0,0,0,0,0
0,南亞C,林中H,   0.10,1, 0.00000E+0, 1.00000E-4,0,0,0,0,0,0,0,0,0,0,0,0
0,南亞C,林中H,   0.10,1, 0.00000E+0, 1.00000E-4,0,0,0,0,0,0,0,0,0,0,0,0
0,桃機C,福海H,   1.00,1, 1.00000E-4, 8.00000E-4,0,0,0,0,0,0,0,0,0,0,0,0
0,桃機C,福海H,   1.00,1, 1.00000E-4, 8.00000E-4,0,0,0,0,0,0,0,0,0,0,0,0
0,南林C,新捷#A,   0.61,1, 1.00000E-4, 5.00000E-4,0,0,0,0,0,0,0,0,0,0,0,0
0,南林C,南纖#,   0.00,1, 0.00000E+0, 1.00000E-4,0,0,0,0,0,0,0,0,0,0,0,0
0,廣輝C,華亞C,   0.52,1, 0.00000E+0, 4.00000E-4,0,0,0,0,0,0,0,0,0,0,0,0
0,廣輝C,華亞C,   0.52,1, 0.00000E+0, 4.00000E-4,0,0,0,0,0,0,0,0,0,0,0,0
0,華亞C,樂善H2,   0.36,1, 0.00000E+0, 3.00000E-4,0,0,0,0,0,0,0,0,0,0,0,0
0,日月光C,自立H,   2.10,1, 1.00000E-4, 3.30000E-3,0,0,0,0,0,0,0,0,0,0,0,0
0,楊高C,楊高#A,   1.89,1, 1.00000E-4, 1.60000E-3,0,0,0,0,0,0,0,0,0,0,0,0
0,泰伸C,楊高#A,   0.00,1, 0.00000E+0, 1.00000E-6,0,0,0,0,0,0,0,0,0,0,0,0
0,富綢C,鐵富#A,   0.00,1, 0.00000E+0, 1.00000E-4,0,0,0,0,0,0,0,0,0,0,0,0
0,龍映C,龍達C,   1.51,1, 3.00000E-4, 1.70000E-3,0,0,0,0,0,0,0,0,0,0,0,0
0,力晶C,積P6,   1.01,1, 1.00000E-4, 8.00000E-4,0,0,0,0,0,0,0,0,0,0,0,0
0,華三C,聯八C,   1.30,1, 1.00000E-4, 1.20000E-3,0,0,0,0,0,0,0,0,0,0,0,0
0,旺二C,聯八C,   0.47,1, 1.00000E-4, 4.00000E-4,0,0,0,0,0,0,0,0,0,0,0,0
0,旺二C,聯電C,   2.70,1, 4.00000E-4, 2.40000E-3,0,0,0,0,0,0,0,0,0,0,0,0
0,積十二C,積P6,   0.55,1, 0.00000E+0, 5.00000E-4,0,0,0,0,0,0,0,0,0,0,0,0
0,力晶M,聯亞三C,   2.08,1, 1.00000E-4, 1.70000E-3,0,0,0,0,0,0,0,0,0,0,0,0
0,力晶M,台積八C,   1.40,1, 1.00000E-4, 1.10000E-3,0,0,0,0,0,0,0,0,0,0,0,0
0,友達五C,台積八C,   0.56,1, 1.00000E-4, 4.00000E-4,0,0,0,0,0,0,0,0,0,0,0,0
0,友達五C,旺五C,   0.95,1, 1.00000E-4, 8.00000E-4,0,0,0,0,0,0,0,0,0,0,0,0
0,京元C,統寶C,   1.95,1, 1.00000E-4, 1.50000E-3,0,0,0,0,0,0,0,0,0,0,0,0
0,統寶C,群創C,   0.90,1, 1.00000E-4, 7.00000E-4,0,0,0,0,0,0,0,0,0,0,0,0
0,瑞晶一C,后里西H,   2.90,1, 2.00000E-4, 2.40000E-3,0,0,0,0,0,0,0,0,0,0,0,0
0,瑞晶一C,達晶二C,   1.15,1, 1.00000E-4, 9.00000E-4,0,0,0,0,0,0,0,0,0,0,0,0
0,友達十C,中科H2,   2.04,1, 1.00000E-4, 1.70000E-3,0,0,0,0,0,0,0,0,0,0,0,0
0,友達十C,中科H2,   2.04,1, 1.00000E-4, 1.70000E-3,0,0,0,0,0,0,0,0,0,0,0,0
0,茂德三C,茂德四C,   1.30,1, 2.00000E-4, 8.00000E-4,0,0,0,0,0,0,0,0,0,0,0,0
0,茂德三C,華十二C,   3.90,1, 3.00000E-4, 2.70000E-3,0,0,0,0,0,0,0,0,0,0,0,0
0,康寧一C,友達七,   0.67,1, 1.00000E-4, 7.00000E-4,0,0,0,0,0,0,0,0,0,0,0,0
0,康寧一C,中科H2,   1.80,1, 1.00000E-4, 1.50000E-3,0,0,0,0,0,0,0,0,0,0,0,0
0,友達七,中科H2,   2.16,1, 2.00000E-4, 1.80000E-3,0,0,0,0,0,0,0,0,0,0,0,0
0,中美和C,中美#A,   0.00,1, 0.00000E+0, 1.00000E-6,0,0,0,0,0,0,0,0,0,0,0,0
0,中氣C,中氣#A,   0.00,1, 0.00000E+0, 1.00000E-4,0,0,0,0,0,0,0,0,0,0,0,0
0,矽彰C,矽彰三C,   0.17,1, 1.00000E-4, 1.00000E-4,0,0,0,0,0,0,0,0,0,0,0,0
0,新高C,新高#A,   0.13,1, 0.00000E+0, 1.00000E-4,0,0,0,0,0,0,0,0,0,0,0,0
0,旭硝子C,旭硝子二,   1.10,1, 1.00000E-4, 1.00000E-3,0,0,0,0,0,0,0,0,0,0,0,0
0,旭硝子C,旭硝子二,   1.10,1, 2.00000E-4, 8.00000E-4,0,0,0,0,0,0,0,0,0,0,0,0
0,海豐LT3,塑化二區,   0.00,1, 5.00000E-4, 2.60000E-3,0,0,0,0,0,0,0,0,0,0,0,0
0,海豐LT4,塑化二區,   0.00,1, 5.00000E-4, 2.60000E-3,0,0,0,0,0,0,0,0,0,0,0,0
0,康寧C,積十四C,   1.30,1, 1.00000E-4, 1.10000E-3,0,0,0,0,0,0,0,0,0,0,0,0
0,凸版C,安瀚C,   2.50,1, 2.00000E-4, 2.00000E-3,0,0,0,0,0,0,0,0,0,0,0,0
0,積六C,積十四C,   0.20,1, 1.00000E-4, 1.00000E-4,0,0,0,0,0,0,0,0,0,0,0,0
0,聯電二C,瀚宇三C,   0.59,1, 0.00000E+0, 4.00000E-4,0,0,0,0,0,0,0,0,0,0,0,0
0,聯電二C,聯電三C,   0.43,1, 0.00000E+0, 4.00000E-4,0,0,0,0,0,0,0,0,0,0,0,0
0,奇晶一C,奇晶四C,   1.25,1, 1.00000E-4, 1.00000E-3,0,0,0,0,0,0,0,0,0,0,0,0
0,奇晶二C,奇晶五,   0.62,1, 1.00000E-4, 5.00000E-4,0,0,0,0,0,0,0,0,0,0,0,0
0,積P3C,和鑫二C,   1.98,1, 2.00000E-4, 8.00000E-4,0,0,0,0,0,0,0,0,0,0,0,0
0,瀚宇三C,和鑫C,   0.54,1, 0.00000E+0, 4.00000E-4,0,0,0,0,0,0,0,0,0,0,0,0
0,奇晶七,道爺H,   0.85,1, 1.00000E-4, 7.00000E-4,0,0,0,0,0,0,0,0,0,0,0,0
0,奇晶七,道爺H,   0.85,1, 1.00000E-4, 7.00000E-4,0,0,0,0,0,0,0,0,0,0,0,0
0,奇晶六,道爺H,   1.05,1, 1.00000E-4, 9.00000E-4,0,0,0,0,0,0,0,0,0,0,0,0
0,奇晶六,道爺H,   1.05,1, 1.00000E-4, 9.00000E-4,0,0,0,0,0,0,0,0,0,0,0,0
0,中鋼一C,中鋼三C,   0.50,1, 1.00000E-4, 6.00000E-4,0,0,0,0,0,0,0,0,0,0,0,0
0,中鋼一C,中鋼三C,   0.50,1, 1.00000E-4, 6.00000E-4,0,0,0,0,0,0,0,0,0,0,0,0
0,中鋼二C,鋼四#A,   1.29,1, 3.00000E-4, 1.70000E-3,0,0,0,0,0,0,0,0,0,0,0,0
0,中鋼二C,鋼四#B,   1.29,1, 3.00000E-4, 1.70000E-3,0,0,0,0,0,0,0,0,0,0,0,0
0,龍慶C,唐榮#A,   2.37,1, 3.00000E-4, 2.00000E-3,0,0,0,0,0,0,0,0,0,0,0,0
0,唐榮C,唐榮#A,   0.40,1, 1.00000E-4, 4.00000E-4,0,0,0,0,0,0,0,0,0,0,0,0
0,坪資C,中鋁#,   0.93,1, 1.00000E-4, 7.00000E-4,0,0,0,0,0,0,0,0,0,0,0,0
0,坪資C,海光C,   1.93,1, 1.40000E-3, 1.70000E-3,0,0,0,0,0,0,0,0,0,0,0,0
0,塑園C,塑園#A,   1.10,1, 1.00000E-4, 9.00000E-4,0,0,0,0,0,0,0,0,0,0,0,0
0,中鋼三C,鋼四#A,   0.39,1, 1.00000E-4, 5.00000E-4,0,0,0,0,0,0,0,0,0,0,0,0
0,中鋼三C,鋼四#B,   0.39,1, 1.00000E-4, 5.00000E-4,0,0,0,0,0,0,0,0,0,0,0,0
0,中園C,塑園#A,   2.40,1, 2.00000E-4, 1.90000E-3,0,0,0,0,0,0,0,0,0,0,0,0
0,麥寮H,塑化二區,   0.68,1, 0.00000E+0, 4.00000E-4,0,0,0,0,0,0,0,0,0,0,0,0
0,麥寮H,塑化二區,   0.68,1, 0.00000E+0, 4.00000E-4,0,0,0,0,0,0,0,0,0,0,0,0
0,桃園H#2,青溪H#2,   2.09,1, 2.00000E-4, 1.70000E-3,0,0,0,0,0,0,0,0,0,0,0,0
0,東成H,玉里H,  47.57,1, 6.80000E-3, 6.09000E-2,0,0,0,0,0,0,0,0,0,0,0,0
0,太鐵H,糠榔H,   5.70,1, 3.00000E-4, 2.00000E-3,0,0,0,0,0,0,0,0,0,0,0,0
0,太鐵H,糠榔H,   5.70,1, 3.00000E-4, 2.00000E-3,0,0,0,0,0,0,0,0,0,0,0,0
0,星元H,彰濱H2,   1.95,1, 1.00000E-4, 7.00000E-4,0,0,0,0,0,0,0,0,0,0,0,0
0,星元H,彰濱H2,   1.95,1, 1.00000E-4, 7.00000E-4,0,0,0,0,0,0,0,0,0,0,0,0
0,澳底#A,深澳臨,   0.05,1, 0.00000E+0, 1.00000E-4,0,0,0,0,0,0,0,0,0,0,0,0
0,澳底#A,光明H,   4.00,1, 3.00000E-4, 1.60000E-3,0,0,0,0,0,0,0,0,0,0,0,0
0,霧峰E,霧娑#A,  17.58,1, 3.00000E-4, 4.60000E-3,0,0,0,0,0,0,0,0,0,0,0,0
0,霧峰E,霧娑#B,  17.58,1, 3.00000E-4, 4.60000E-3,0,0,0,0,0,0,0,0,0,0,0,0
0,霧峰E,霧娑#C,   7.44,1, 1.00000E-4, 1.90000E-3,0,0,0,0,0,0,0,0,0,0,0,0
0,霧峰E,霧娑#D,   7.44,1, 1.00000E-4, 1.90000E-3,0,0,0,0,0,0,0,0,0,0,0,0
0,宜府H,宜市H,   3.30,1, 2.00000E-4, 2.70000E-3,0,0,0,0,0,0,0,0,0,0,0,0
0,宜府H,宜市H,   3.30,1, 2.00000E-4, 2.70000E-3,0,0,0,0,0,0,0,0,0,0,0,0
0,新崙H,竹工H,  10.40,1, 8.00000E-4, 4.30000E-3,0,0,0,0,0,0,0,0,0,0,0,0
0,中科E,后里E,  36.18,1, 6.00000E-4, 9.10000E-3,0,0,0,0,0,0,0,0,0,0,0,0
0,中科H1,中科H2,   0.00,1, 0.00000E+0, 1.00000E-6,0,0,0,0,0,0,0,0,0,0,0,0
0,義捷#A,南港#A,   2.71,1, 4.00000E-4, 3.50000E-3,0,0,0,0,0,0,0,0,0,0,0,0
0,榮特C,新高#A,   2.00,1, 2.00000E-4, 1.70000E-3,0,0,0,0,0,0,0,0,0,0,0,0
0,后里東H,卓蘭#A,   2.40,1, 3.00000E-4, 2.60000E-3,0,0,0,0,0,0,0,0,0,0,0,0
0,后里東H,卓蘭#B,   2.40,1, 3.00000E-4, 2.60000E-3,0,0,0,0,0,0,0,0,0,0,0,0
0,后里西H,友達八C,   5.66,1, 1.00000E-4, 4.30000E-3,0,0,0,0,0,0,0,0,0,0,0,0
0,后里西H,友達八C,   5.66,1, 3.00000E-4, 4.30000E-3,0,0,0,0,0,0,0,0,0,0,0,0
0,后里西H,達晶二C,   1.15,1, 1.00000E-4, 9.00000E-4,0,0,0,0,0,0,0,0,0,0,0,0
0,樂善H2,林中H,   3.01,1, 1.00000E-4, 1.20000E-3,0,0,0,0,0,0,0,0,0,0,0,0
0,羅鋼C,利澤#A,   6.80,1, 5.00000E-4, 5.60000E-3,0,0,0,0,0,0,0,0,0,0,0,0
0,中鋼四C,鋼四#A,   0.52,1, 1.00000E-4, 7.00000E-4,0,0,0,0,0,0,0,0,0,0,0,0
0,中鋼四C,鋼四#B,   0.52,1, 1.00000E-4, 7.00000E-4,0,0,0,0,0,0,0,0,0,0,0,0
0,林中H,林捷C,   1.20,1, 1.00000E-4, 1.00000E-3,0,0,0,0,0,0,0,0,0,0,0,0
0,林中H,林捷C,   1.20,1, 1.00000E-4, 1.00000E-3,0,0,0,0,0,0,0,0,0,0,0,0
0,壽豐#A,壽豐H,   3.60,1, 3.00000E-4, 2.90000E-3,0,0,0,0,0,0,0,0,0,0,0,0
0,壽豐#B,壽豐H,   3.60,1, 3.00000E-4, 2.90000E-3,0,0,0,0,0,0,0,0,0,0,0,0
0,瀰力H,旗山H,   9.45,1, 1.20000E-3, 1.02000E-2,0,0,0,0,0,0,0,0,0,0,0,0
0,瀰力H,旗山H,   9.45,1, 1.20000E-3, 1.02000E-2,0,0,0,0,0,0,0,0,0,0,0,0
0,瀰力H,農一H,  19.29,1, 2.40000E-3, 2.05000E-2,0,0,0,0,0,0,0,0,0,0,0,0
0,瀰力H,農一H,  19.29,1, 2.40000E-3, 2.05000E-2,0,0,0,0,0,0,0,0,0,0,0,0
0,中科H2,積十五C,   2.80,1, 2.00000E-4, 2.30000E-3,0,0,0,0,0,0,0,0,0,0,0,0
0,中科H2,積十五C,   2.80,1, 2.00000E-4, 2.30000E-3,0,0,0,0,0,0,0,0,0,0,0,0
0,中美#A,中氣#A,   1.60,1, 1.00000E-4, 1.20000E-3,0,0,0,0,0,0,0,0,0,0,0,0
0,仙渡H1,沙崙H,  11.50,1, 8.00000E-4, 9.40000E-3,0,0,0,0,0,0,0,0,0,0,0,0
0,仙渡H1,沙崙H,  11.50,1, 8.00000E-4, 9.40000E-3,0,0,0,0,0,0,0,0,0,0,0,0
0,仙渡H1,仙渡H2,   0.00,1, 0.00000E+0, 1.00000E-4,0,0,0,0,0,0,0,0,0,0,0,0
0,台肥C,台肥#A,   0.00,1, 0.00000E+0, 1.00000E-4,0,0,0,0,0,0,0,0,0,0,0,0
0,五權H,桃捷C,   1.00,1, 1.00000E-4, 8.00000E-4,0,0,0,0,0,0,0,0,0,0,0,0
0,五權H,桃捷C,   1.00,1, 1.00000E-4, 8.00000E-4,0,0,0,0,0,0,0,0,0,0,0,0
0,大同#A,華捷#,   4.20,1, 3.00000E-4, 3.60000E-3,0,0,0,0,0,0,0,0,0,0,0,0
0,華捷#,華陰#B,   0.19,1, 0.00000E+0, 2.00000E-4,0,0,0,0,0,0,0,0,0,0,0,0
0,中氣#A,台肥#A,   1.80,1, 2.00000E-4, 1.40000E-3,0,0,0,0,0,0,0,0,0,0,0,0
0,台肥#A,藍海C,   1.50,1, 1.00000E-4, 1.20000E-3,0,0,0,0,0,0,0,0,0,0,0,0
0,朝山H,香風C,   0.07,1, 0.00000E+0, 1.00000E-4,0,0,0,0,0,0,0,0,0,0,0,0
0,泰山H,泰山#A,   5.18,1, 2.00000E-3, 5.80000E-3,0,0,0,0,0,0,0,0,0,0,0,0
0,泰山H,泰山#B,   5.18,1, 2.00000E-3, 5.80000E-3,0,0,0,0,0,0,0,0,0,0,0,0
0,彰林H,大城H,  21.20,1, 1.90000E-3, 2.02000E-2,0,0,0,0,0,0,0,0,0,0,0,0
0,彰林H,大城H,  21.20,1, 1.90000E-3, 2.02000E-2,0,0,0,0,0,0,0,0,0,0,0,0
0,鐵富C,鐵富#A,   1.60,1, 1.00000E-4, 1.30000E-3,0,0,0,0,0,0,0,0,0,0,0,0
0,新社#A,新社H,   8.60,1, 7.00000E-4, 3.50000E-3,0,0,0,0,0,0,0,0,0,0,0,0
0,新社#B,新社H,   8.60,1, 7.00000E-4, 3.50000E-3,0,0,0,0,0,0,0,0,0,0,0,0
0,華新一C,達晶#A,   2.80,1, 2.00000E-4, 2.30000E-3,0,0,0,0,0,0,0,0,0,0,0,0
0,達晶一C,達晶#A,   1.50,1, 1.00000E-4, 1.20000E-3,0,0,0,0,0,0,0,0,0,0,0,0
0,南纖C,南纖#,   0.70,1, 0.00000E+0, 6.00000E-4,0,0,0,0,0,0,0,0,0,0,0,0
0,新捷C,新捷#A,   2.20,1, 7.00000E-4, 4.00000E-3,0,0,0,0,0,0,0,0,0,0,0,0
0,新捷C,新捷#B,   2.20,1, 7.00000E-4, 4.00000E-3,0,0,0,0,0,0,0,0,0,0,0,0
0,新捷#B,南纖#,   0.61,1, 1.00000E-4, 5.00000E-4,0,0,0,0,0,0,0,0,0,0,0,0
0,澳底#B,光明H,   4.00,1, 3.00000E-4, 1.60000E-3,0,0,0,0,0,0,0,0,0,0,0,0
0,中鋁C,中鋁#,   0.40,1, 0.00000E+0, 3.00000E-4,0,0,0,0,0,0,0,0,0,0,0,0
0,北柳H,茄荖#A,   2.20,1, 2.00000E-4, 1.80000E-3,0,0,0,0,0,0,0,0,0,0,0,0
0,北柳H,茄荖#B,   2.20,1, 2.00000E-4, 1.80000E-3,0,0,0,0,0,0,0,0,0,0,0,0
